time,country,lat,long,yield
1960-05-02T17:29:26Z,Russia,59.1655805,35.3248919,92
2000-01-30T03:26:12Z,France,43.4903429,5.3378155,3
1985-09-26T13:52:58Z,China,39.263105,117.580995,74
2004-10-27T13:26:14Z,United States,34.0051492,-81.0488996,33
1949-04-03T07:18:07Z,China,30.03495,107.122289,91
2005-06-17T21:38:21Z,United States,29.9108312,-95.6563119,40
2001-05-17T14:06:45Z,China,30.070453,115.944218,31
1987-08-25T19:03:36Z,China,30.0705556,105.5825,18
2013-06-25T09:08:32Z,United States,36.164846,-115.155709,89
2004-11-29T01:17:21Z,China,39.296173,113.690698,33
1971-10-16T20:18:51Z,Russia,44.7522462,41.6009212,1
2003-02-08T12:31:16Z,France,43.7441795,2.511999,77
1960-01-07T05:10:02Z,China,27.829795,112.944026,47
1949-01-22T17:59:50Z,China,34.000317,115.319842,24
1957-03-20T19:08:37Z,China,29.289648,120.241565,14
1999-09-15T19:40:17Z,China,24.44218,114.938684,70
1948-08-03T08:22:34Z,Russia,46.1327339,38.9644692,39
2017-01-14T02:27:49Z,China,29.2813,117.22473,8
1949-01-30T02:06:41Z,China,29.803849,118.862331,92
1945-09-04T13:22:22Z,China,27.692542,111.664316,22
1982-12-14T13:49:55Z,Russia,46.711547,38.2755861,1
1952-09-19T14:32:37Z,China,30.645019,114.282194,61
1965-02-08T14:10:34Z,China,30.677233,121.015142,14
2006-10-31T16:54:18Z,China,34.073572,100.695534,3
2013-09-29T01:25:19Z,Russia,47.1284352,42.4543661,73
1954-11-03T17:12:51Z,China,35.963912,105.729085,51
1985-12-06T13:24:42Z,France,43.555403,1.503894,52
1991-08-01T05:23:41Z,China,24.804061,118.609289,33
2015-02-25T16:12:08Z,China,28.452686,110.393844,56
2003-08-23T11:30:37Z,China,36.608183,101.808485,90
1996-10-24T22:48:34Z,China,36.994225,99.598035,66
1955-01-02T16:00:34Z,Russia,59.0842105,159.9541642,34
1979-03-05T12:35:04Z,China,22.410005,111.430057,26
1969-08-04T16:25:25Z,China,39.997756,116.190434,67
1996-02-09T21:46:38Z,Russia,44.0088432,39.192149,66
1953-11-17T05:10:03Z,China,22.8207764,113.0239776,69
1970-07-01T07:24:01Z,Russia,52.0108,86.5467,77
1984-09-29T20:44:30Z,China,44.387458,-69.586443,70
1962-09-03T20:12:41Z,China,22.533583,113.968498,84
1942-11-05T23:35:55Z,China,39.918983,116.47861,59
2013-11-23T09:04:19Z,Russia,50.1987725,39.5632497,40
2013-08-05T13:21:44Z,France,48.689836,6.17445,37
1978-05-08T05:00:16Z,China,24.622426,113.996757,69
2015-08-21T00:27:52Z,China,31.266878,121.597823,49
2001-01-03T00:34:30Z,China,27.456658,112.175245,99
2002-11-12T18:34:20Z,China,28.074649,119.141473,53
1951-05-04T13:38:55Z,France,47.8890778,-2.8357471,18
1972-02-29T14:34:06Z,China,22.2481519,113.5755553,58
1966-10-08T22:59:07Z,China,27.948308,109.599191,56
1952-07-11T01:26:48Z,China,31.058765,121.315718,25
2001-09-26T06:01:24Z,China,24.094765,116.00509,55
1943-12-19T04:27:50Z,Pakistan,30.663128,73.6658984,98
2010-12-08T04:55:19Z,China,39.109563,117.223371,8
1988-02-27T09:05:47Z,United States,35.1341835,-89.8655563,24
1989-03-28T20:01:35Z,France,44.1675867,2.0308233,25
2015-06-10T13:42:01Z,France,48.792001,2.39851,91
2003-06-29T09:00:56Z,China,39.909214,116.45252,55
1974-12-22T19:09:08Z,Russia,52.286684,104.292306,58
1965-10-14T20:29:18Z,China,25.9152,115.626796,68
2002-01-17T15:26:50Z,Russia,54.2084536,72.9614362,92
1979-05-06T20:35:36Z,China,46.585652,123.915392,7
1978-02-23T06:55:36Z,China,24.808198,118.03177,50
2002-12-24T05:24:38Z,France,44.8501354,-0.5702805,59
1950-05-15T05:54:59Z,United States,32.6901244,-96.937016,51
1947-08-15T00:01:46Z,Russia,54.0474092,38.404411,46
2006-07-03T02:07:32Z,France,48.6366985,2.7912279,44
2011-03-29T02:08:39Z,Russia,45.0052663,41.1199008,67
2006-06-07T00:14:33Z,China,24.031853,104.887114,42
1990-12-31T11:08:43Z,Russia,55.7,37.75,83
1953-04-02T18:09:15Z,China,28.94074,113.447431,49
1962-08-08T20:04:34Z,France,42.7981285,1.5693759,55
1961-07-23T14:38:47Z,United States,35.15,-90.05,67
1998-02-15T04:36:31Z,China,26.201227,105.480028,99
1973-11-04T16:11:40Z,United States,41.8784851,-87.627893,38
2005-09-09T20:43:47Z,Russia,57.1068191,41.7340876,59
1969-05-18T15:18:23Z,China,24.64995,116.156645,5
1952-11-15T02:08:53Z,France,46.5993244,-1.1457859,7
2016-08-02T19:24:14Z,France,45.5839189,5.2733732,48
1992-08-14T10:45:33Z,Russia,42.9895326,131.8411237,51
2003-10-14T15:09:45Z,China,36.608183,101.808485,77
1947-04-18T16:48:29Z,China,22.141482,113.83012,86
1983-11-15T14:42:34Z,Russia,46.4457008,134.3078003,20
1968-09-14T02:16:53Z,China,38.135288,114.397004,42
1970-09-02T22:13:08Z,China,31.644606,119.781147,29
1985-03-08T17:42:39Z,China,27.69965,108.839557,36
1966-04-24T23:37:30Z,United States,37.0098187,-76.4273844,74
1993-09-21T08:25:02Z,China,24.315499,109.410683,22
1949-11-23T07:14:28Z,China,27.646686,116.695522,62
1963-02-12T10:51:54Z,China,39.1921745,117.2630206,76
2013-04-23T10:06:46Z,China,28.491356,112.615076,46
1974-09-14T09:35:12Z,Russia,53.948639,46.6995979,62
1970-10-25T11:06:53Z,China,29.990745,121.49591,97
2008-04-17T20:11:15Z,China,21.547821,107.971826,51
1962-10-10T21:29:57Z,Russia,54.605583,85.392777,74
1998-07-24T08:09:45Z,China,26.245192,114.500401,81
1980-06-06T05:23:04Z,China,30.601966,115.438847,50
1969-02-16T02:43:40Z,China,29.654838,91.140552,5
1955-07-23T09:05:11Z,Pakistan,32.5734842,74.0420093,73
1999-12-09T11:33:30Z,China,29.4724425,110.5437982,45
2002-12-18T20:51:07Z,Russia,59.834171,30.5188521,98
1970-11-17T18:30:04Z,China,40.824367,119.837124,83
1988-02-12T21:06:05Z,United States,33.45,-112.08,44
1976-11-02T05:39:12Z,Russia,55.7538999,37.6451342,73
1987-09-06T07:58:10Z,Russia,52.4219719,85.6978029,96
1977-10-30T19:30:47Z,China,47.247125,127.1219196,41
1973-05-04T23:39:50Z,China,28.138525,109.326383,30
1964-04-29T18:30:09Z,France,48.627474,2.5921846,15
2001-08-03T22:17:57Z,Russia,56.2208485,51.0782323,24
1949-05-24T14:53:47Z,Russia,56.2674828,54.9252541,48
1979-11-20T19:02:46Z,China,30.1755285,121.3325306,19
1966-07-18T22:21:48Z,United States,39.9311729,-104.9739333,12
1970-05-18T09:55:36Z,United States,41.88,-87.62,41
1980-08-05T09:57:16Z,China,37.513068,122.120419,20
1949-04-07T20:16:37Z,France,43.4945737,5.8978018,45
1999-02-21T11:58:05Z,China,22.54484,113.387254,3
1951-02-21T04:16:28Z,China,30.069463,104.616392,34
2007-10-25T21:38:51Z,France,48.8927579,2.2817978,75
1959-06-18T08:51:55Z,China,22.492431,111.075519,95
2006-03-16T12:36:08Z,China,27.517896,109.213644,31
2015-08-19T07:44:54Z,China,29.2813,117.22473,25
1959-12-19T04:56:53Z,China,26.6674,113.449709,17
2013-07-03T09:51:37Z,China,41.654661,126.154678,38
1960-04-22T18:13:28Z,China,40.401045,117.998902,42
1993-11-04T08:51:13Z,Russia,46.524052,41.5008684,93
1952-07-12T02:59:42Z,China,31.26179,121.423664,82
2009-12-22T18:47:11Z,China,28.445307,113.521804,2
1970-02-28T22:18:09Z,China,29.131627,89.498216,22
1994-08-29T00:13:44Z,Russia,71.9666987,102.5000418,60
2011-12-29T14:19:06Z,Russia,55.7756358,37.8348162,96
1983-11-03T23:55:03Z,France,48.0386685,-2.9231898,53
1948-12-31T17:36:21Z,Russia,60.1475268,30.5168633,90
1942-06-04T10:57:50Z,Russia,43.34041,44.01868,55
1971-01-16T20:39:09Z,China,30.321469,120.144771,25
1968-12-05T01:34:38Z,China,22.265811,113.543784,6
1969-02-09T10:33:45Z,China,22.581611,114.205166,94
2015-09-01T10:23:59Z,Russia,56.9084942,36.234674,64
1972-05-12T18:55:24Z,China,61.2323264,7.1061441,93
1975-03-16T05:29:53Z,China,37.029718,116.328206,86
2004-06-18T05:55:50Z,Russia,50.8963676,40.5554489,30
1971-03-01T18:36:40Z,China,47.801401,121.293284,42
1977-12-13T22:23:45Z,China,35.202503,102.521807,24
1957-07-22T21:37:18Z,Russia,60.9596322,34.0219218,5
2002-10-02T20:26:27Z,Russia,43.5007512,45.081605,83
2010-07-15T09:35:00Z,China,38.487193,106.230908,54
2006-06-09T12:06:23Z,China,50.795058,124.291125,59
1942-10-04T09:13:58Z,China,38.238247,114.491954,15
1998-05-12T20:03:38Z,Russia,55.5772494,39.526478,46
1960-07-18T11:48:35Z,China,23.3362272,112.7222244,24
1958-02-25T14:37:07Z,Russia,43.6522553,45.3106104,95
1951-06-25T07:52:14Z,China,39.726929,116.341395,4
1944-02-20T03:46:09Z,China,45.477613,124.47553,77
2001-08-16T13:22:59Z,France,44.8369535,-0.5820236,59
1981-11-17T04:58:23Z,China,29.338873,110.525449,61
1981-07-19T23:31:07Z,China,37.627661,116.391507,91
1971-01-22T00:43:50Z,China,40.531867,96.543937,17
2002-08-12T11:54:25Z,Russia,45.1338056,41.0192289,44
2010-01-25T16:11:45Z,China,31.13856,113.744367,1
1975-05-21T12:51:26Z,China,22.3995577,112.5522592,54
1945-06-06T18:44:39Z,China,28.454511,114.014752,70
2013-09-04T05:26:42Z,China,26.8429645,107.2902839,20
1961-06-01T19:07:22Z,Russia,61.6614104,40.2019954,36
1991-04-23T00:09:06Z,France,43.8447278,4.3520438,10
1992-09-01T19:08:47Z,China,31.7311971,117.2313179,9
1999-08-28T16:29:44Z,Russia,67.6043051,30.4421656,8
1979-04-02T18:00:11Z,China,22.529403,103.93935,26
1959-10-20T12:51:13Z,China,21.857958,111.982232,62
1989-07-09T10:21:16Z,Russia,54.2474065,37.6031799,13
1970-02-10T13:52:37Z,China,38.465785,106.278153,31
2011-09-07T11:15:45Z,China,41.805699,123.431472,28
1989-09-26T22:44:44Z,China,38.25555,90.31196,11
1989-06-16T15:37:39Z,United States,41.5359175,-93.5711466,68
1986-07-26T21:40:35Z,United States,45.01,-93.65,21
1987-01-02T00:56:45Z,China,31.642718,105.170845,67
1987-05-02T09:16:21Z,China,29.528923,104.990101,45
2009-09-10T02:56:46Z,China,30.049992,121.159547,1
1984-08-08T01:15:15Z,China,31.893274,121.255306,49
1993-02-03T21:52:02Z,Russia,57.6067536,47.9368725,62
1969-06-04T04:45:58Z,China,23.021478,113.121435,70
1948-03-16T13:50:19Z,China,27.95793,109.589666,87
1973-04-07T01:45:08Z,China,34.273409,109.064671,84
2017-06-11T13:38:41Z,China,30.203152,115.429626,29
1952-02-11T04:01:46Z,China,36.599744,101.803717,96
1962-06-13T00:17:05Z,United Kingdom,51.900276,-1.504654,24
1989-09-04T16:55:38Z,Russia,50.65854,128.00932,15
2000-06-29T10:17:44Z,China,30.975286,105.190522,99
1994-11-10T20:29:50Z,United States,32.53,-92.08,90
1956-07-02T05:32:40Z,China,32.704922,115.970718,62
2013-03-22T15:53:13Z,China,35.529096,112.849999,96
1962-07-04T01:40:02Z,France,46.280212,-0.4601725,34
2007-12-21T06:39:12Z,China,39.8230099,119.4891595,99
1973-01-28T01:58:29Z,China,28.260141,112.571923,63
2012-03-26T05:16:09Z,United States,31.77,-106.43,89
1986-09-11T11:50:26Z,China,29.367984,111.177234,96
1957-04-08T11:02:15Z,China,35.588399,99.982552,48
1966-10-05T07:40:13Z,China,35.498159,106.330646,73
1947-11-04T18:23:55Z,China,36.628305,101.765843,96
1993-08-01T01:47:20Z,China,31.848137,117.284858,71
2010-01-02T15:39:15Z,Russia,56.1531877,48.3208097,66
1947-04-06T01:27:52Z,France,48.7877067,2.3300777,56
1982-06-11T03:00:33Z,Russia,46.3611841,38.2725015,28
1946-11-16T20:49:13Z,China,28.743812,118.272674,43
1981-08-27T15:29:51Z,United States,42.1214396,-80.0852698,33
1984-05-08T05:36:08Z,China,37.510549,118.325556,55
2000-09-19T08:09:07Z,Russia,52.6738562,41.7631303,43
1963-11-26T12:54:05Z,China,29.0994968,119.700816,34
1972-04-18T05:58:48Z,China,42.9282,120.570127,75
1974-11-03T09:05:18Z,China,29.183761,96.85942,61
2004-02-14T13:50:53Z,Russia,52.2960003,35.4190083,71
2003-01-30T11:59:48Z,United States,27.8684314,-82.5270388,92
1954-01-01T00:14:42Z,China,28.706919,117.821005,86
1979-08-02T04:15:18Z,Russia,61.0816055,46.4952164,98
1973-12-09T03:39:47Z,China,29.16113,112.683016,35
1994-01-09T15:50:28Z,China,27.483293,120.562211,19
1980-07-07T01:20:36Z,Russia,53.1892176,50.119277,5
1988-02-16T09:28:29Z,China,39.8,97.9,58
2001-06-22T23:23:30Z,China,42.972096,126.746309,63
1970-02-08T11:47:58Z,Russia,55.658365,37.615691,14
2006-03-30T22:59:52Z,China,27.542493,110.702501,38
1970-09-06T00:37:07Z,China,32.478018,117.167563,78
1986-09-02T10:18:06Z,China,26.87365,115.102495,56
2001-07-28T03:45:44Z,China,30.169665,121.266579,31
1971-11-12T02:49:55Z,China,29.5530941,118.9353968,2
1962-03-06T13:50:07Z,China,27.062407,108.739519,2
1976-04-24T23:48:27Z,France,48.6059152,-4.1166788,42
1980-03-29T21:53:23Z,Russia,53.3326761,48.6446327,85
2017-12-08T02:33:14Z,China,30.572815,104.066801,49
1963-05-14T17:22:36Z,France,48.5851876,7.7342943,14
2014-06-29T04:46:27Z,China,29.5530941,118.9353968,22
1943-01-02T23:30:18Z,China,28.6846153,115.8922746,10
1961-11-07T20:03:00Z,China,22.265811,113.543784,87
1970-02-02T06:11:42Z,China,27.845011,117.383641,14
2017-03-03T14:29:49Z,China,23.124745,113.331389,38
1987-03-03T13:47:50Z,China,33.5668566,-83.477106,20
1949-02-20T06:59:15Z,China,32.519246,108.533377,19
2016-01-02T19:47:52Z,France,45.2977605,2.5135985,53
2001-07-10T03:12:35Z,China,39.197212,117.059698,95
1957-07-16T12:06:29Z,China,42.579473,127.009201,47
1964-05-16T15:08:13Z,Russia,55.4211657,36.6585689,82
1994-12-07T05:58:00Z,China,36.2863829,120.2504861,92
2006-09-29T20:00:01Z,China,34.87725,103.8617,39
1944-06-27T15:23:38Z,China,39.202804,113.117269,80
1958-02-06T09:44:42Z,China,22.585397,113.38492,60
1950-08-15T05:21:37Z,France,45.1934857,5.7218985,58
1947-08-25T13:43:31Z,China,36.951766,102.494696,63
2003-01-20T07:58:39Z,Russia,43.7071168,44.643763,29
1980-03-25T17:46:41Z,China,22.183206,112.305145,85
1951-04-22T16:17:08Z,Russia,54.4515199,101.1756457,61
1997-04-01T20:47:45Z,China,28.51845,110.278039,17
1995-05-04T08:09:54Z,France,45.417087,-0.302506,71
1999-05-19T16:48:51Z,China,23.113478,113.417068,34
1985-10-27T08:25:58Z,United Kingdom,53.3758568,-3.1605843,68
1975-02-09T12:20:17Z,Russia,45.2379183,38.9712949,12
1949-04-25T08:53:16Z,China,34.058401,107.319116,27
1978-04-19T22:23:15Z,United States,40.7,-111.99,52
1991-12-29T06:58:05Z,Russia,55.439054,37.7662154,50
1993-01-14T01:09:49Z,China,37.175532,121.790282,80
1998-11-02T06:08:54Z,China,27.632803,111.793796,18
1993-06-19T07:12:15Z,United States,39.96,-83,90
1967-05-07T01:04:50Z,France,48.8480625,2.3300993,37
1956-02-16T20:26:42Z,China,29.315251,90.599794,28
1954-12-04T18:21:35Z,China,30.798325,107.96879,65
2008-12-02T06:52:13Z,China,36.7821,117.032171,67
1990-12-22T22:18:16Z,Russia,54.2907459,47.3722118,12
1985-11-08T11:55:20Z,China,43.492878,82.415548,15
1981-06-06T21:18:18Z,China,27.69965,108.839557,31
2009-04-09T15:38:49Z,China,28.404102,113.020456,50
2003-05-22T15:39:43Z,China,39.505925,106.726099,91
1966-09-14T12:59:10Z,United States,25.7564471,-80.2056382,67
2000-09-04T15:16:49Z,China,46.562247,125.1353261,53
2015-12-04T20:10:25Z,Pakistan,32.9005808,71.4599651,14
1971-05-11T23:57:54Z,China,22.898014,111.773407,36
1973-01-02T21:35:41Z,China,31.231521,121.45076,51
1989-05-05T15:15:54Z,China,26.0765362,119.2807519,20
1952-08-04T09:44:03Z,China,23.797309,115.445538,92
1977-02-13T07:52:17Z,Russia,62.155883,129.8236089,92
2007-07-15T14:49:23Z,China,30.677233,121.015142,47
1974-05-04T22:30:00Z,China,37.219543,122.117995,20
1978-04-14T16:53:47Z,China,24.674624,102.904318,85
1962-01-19T04:43:25Z,China,40.412369,117.103146,56
1967-10-06T18:35:58Z,United States,39.1228935,-95.624767,95
1994-11-21T23:21:15Z,France,44.7721717,-0.6995221,21
1967-05-13T23:42:20Z,United States,41.7396715,-85.9262162,70
1993-01-09T02:33:02Z,China,33.387684,114.021538,70
2012-07-17T02:51:45Z,United States,35.8559647,-86.3944828,35
2008-09-27T19:40:50Z,China,39.073815,117.166453,30
1999-02-28T09:53:27Z,United States,41.7429283,-87.7123355,85
2000-11-11T05:12:06Z,China,30.314378,118.662941,19
2005-07-18T06:46:26Z,China,28.133945,111.656407,88
2000-08-25T02:50:46Z,China,34.401112,107.759245,63
1996-09-15T07:56:50Z,China,37.540419,120.787999,20
2002-06-18T06:12:06Z,France,48.7946784,2.3067496,68
1980-08-01T08:38:46Z,China,29.703113,107.389298,67
1984-06-17T01:43:55Z,China,45.911222,127.059486,60
1962-11-26T04:09:04Z,France,47.8225694,0.3908219,59
1974-09-10T15:34:09Z,China,47.31878,130.274684,100
1985-04-20T02:25:31Z,China,30.9162065,121.6776404,92
1951-07-14T06:10:40Z,Russia,50.8497,40.1719,36
1988-03-19T09:32:40Z,Pakistan,32.5992796,73.4803095,36
1966-05-08T20:31:04Z,Russia,55.9835962,37.1465904,27
1958-08-14T15:07:07Z,China,22.517585,113.39277,56
1971-03-25T11:25:09Z,France,43.8317876,4.3686291,25
1949-10-13T05:17:44Z,China,29.5530941,118.9353968,35
1988-12-27T10:43:52Z,China,22.512308,110.079171,3
1962-12-14T15:28:12Z,China,39.898215,116.178179,27
1953-03-07T22:00:54Z,France,48.1079676,-1.5212701,4
1955-07-24T19:28:46Z,China,46.592721,131.164723,32
1986-09-03T16:42:52Z,China,28.441209,115.360554,55
1981-01-23T06:15:56Z,China,28.822415,112.206429,42
1977-08-17T08:55:50Z,France,45.697904,0.964671,97
2011-03-12T21:25:46Z,China,34.26645,108.960747,81
1992-04-17T03:16:13Z,China,39.982718,117.078294,11
1952-06-05T12:40:09Z,Russia,60.9596322,34.0219218,82
1990-07-15T21:15:16Z,China,34.56128,105.58335,53
1955-03-27T13:34:17Z,Russia,54.3266413,40.8909987,19
1988-03-11T05:07:53Z,China,36.947175,117.702372,12
1968-04-29T01:34:34Z,China,34.226971,104.228437,35
2005-05-04T16:01:05Z,China,31.138677,120.645158,89
2009-02-03T18:00:17Z,China,47.247125,127.1219196,91
1957-03-27T03:57:32Z,China,22.940196,113.943916,49
1970-05-22T10:01:28Z,France,43.0429124,1.9038837,95
2004-08-23T08:14:15Z,China,24.960385,118.386279,60
2002-07-01T15:27:10Z,China,34.746611,113.625328,14
1996-11-23T02:47:51Z,China,38.253338,109.503758,51
2012-02-22T20:32:32Z,China,34.756916,114.441285,67
1999-11-14T18:38:42Z,China,28.786167,108.176236,53
1961-03-04T21:21:17Z,China,28.55386,112.35518,43
1958-02-22T15:34:08Z,United Kingdom,52.4608207,-1.8886845,59
1965-11-21T07:51:12Z,China,29.5530941,118.9353968,54
1963-05-11T20:57:48Z,Pakistan,24.7932832,68.3001994,91
1975-07-09T07:03:56Z,China,38.371402,117.329949,58
1998-09-03T17:05:54Z,China,22.585397,113.38492,39
1973-03-25T05:32:56Z,China,34.2818498,109.002843,2
2000-12-27T07:09:36Z,United Kingdom,51.5142805,-0.1284654,30
1943-11-18T07:41:05Z,United States,39.7761758,-89.6051502,1
1969-07-19T15:07:19Z,China,28.822415,112.206429,6
1975-04-19T22:37:15Z,China,39.983599,98.90327,7
1969-07-18T18:02:04Z,China,23.14855,113.249429,21
1973-08-11T09:47:02Z,Pakistan,27.5331693,68.7254605,87
1944-02-21T11:46:55Z,Russia,52.6551,85.09858,19
1980-08-31T17:04:12Z,China,24.117102,117.613808,30
1969-08-26T06:51:17Z,Russia,47.8569408,39.9593673,9
1991-10-29T14:55:03Z,China,32.5571916,-84.9047641,46
1997-12-01T22:09:26Z,China,22.529403,103.93935,48
2006-12-03T23:23:42Z,China,32.060255,118.796877,95
1997-12-27T13:15:17Z,Russia,43.9923818,43.7706401,13
1992-12-09T21:16:40Z,China,34.600701,108.722463,92
1949-04-05T12:55:31Z,China,32.197328,117.210612,63
2017-11-06T07:55:39Z,Russia,58.7113992,50.1706415,18
1962-03-01T21:57:24Z,Russia,43.7190199,44.4852966,42
1986-10-04T15:18:49Z,France,43.7441795,2.511999,50
1993-07-27T07:43:28Z,China,32.20076,79.18447,50
1984-12-29T16:18:09Z,China,29.744095,117.217373,22
1984-10-01T13:51:45Z,Russia,55.5939065,61.6171856,71
1967-09-16T16:26:00Z,China,29.849977,95.775494,100
1992-01-07T18:12:07Z,Russia,53.6911177,33.5027704,4
1997-12-06T17:19:58Z,China,24.130374,110.189462,8
1963-01-28T08:10:22Z,China,34.513586,108.317445,48
1962-06-06T19:04:09Z,China,28.46763,119.922796,47
1950-04-15T03:09:34Z,France,48.689836,6.17445,7
1943-01-15T14:52:09Z,United States,30.3121498,-81.7375526,49
1999-06-30T09:31:07Z,France,48.9741782,2.5130988,10
2008-10-29T05:41:29Z,United States,39.95,-75.16,66
1975-08-10T05:09:39Z,China,27.5409825,109.9643521,80
1985-05-08T19:48:10Z,France,43.0429124,1.9038837,17
1953-07-03T21:21:02Z,China,24.018269,114.987268,79
1999-10-30T09:11:04Z,Russia,45.1242818,39.3719039,30
2017-06-15T04:49:11Z,Russia,53.98492,38.03593,91
1960-08-21T04:07:29Z,China,29.248085,117.861797,65
2012-06-30T02:03:40Z,Russia,57.7297471,56.3724781,21
1990-04-28T10:41:19Z,China,23.632671,113.529424,37
1974-06-18T23:54:30Z,Russia,52.423321,47.202499,1
1994-02-05T19:14:03Z,France,48.7057309,2.2186743,18
2006-05-15T01:31:51Z,China,23.027054,113.111203,69
1964-10-18T02:05:24Z,Russia,52.8416063,53.4831411,30
1949-03-04T05:57:53Z,China,38.47436,106.239679,66
1962-03-15T00:21:10Z,Pakistan,24.7740708,68.488659,44
1960-08-08T18:14:54Z,China,33.258244,115.374821,83
1948-08-15T15:12:13Z,Russia,51.766482,55.36468,47
1999-04-20T12:28:44Z,China,30.9882241,121.1241334,18
1944-10-15T18:09:26Z,China,21.795522,109.825927,89
1965-04-26T11:34:12Z,China,27.817808,114.917346,15
1975-11-18T03:31:41Z,China,36.951766,102.494696,10
1953-09-28T08:55:23Z,China,39.896995,116.46662,5
2001-04-09T16:01:10Z,China,35.615079,111.547182,93
2003-10-29T19:27:45Z,France,43.9763746,4.9052738,30
2018-01-08T06:28:19Z,China,35.121884,119.318928,21
1968-10-06T05:51:05Z,China,40.338328,119.73214,21
1977-01-14T21:46:26Z,China,42.059759,86.574067,51
1983-11-10T02:59:48Z,Russia,51.4753297,46.1136773,26
1953-11-19T03:34:53Z,Russia,55.0615034,59.9082587,82
1979-09-07T21:31:18Z,China,29.654838,91.140552,26
1981-05-04T17:00:55Z,China,40.882377,122.685217,46
2011-10-13T04:17:05Z,China,46.398418,124.891039,24
1999-11-26T23:16:29Z,China,35.4937018,110.3838909,53
1956-02-09T15:30:57Z,Russia,57.3921266,63.7602594,36
1978-07-19T05:08:21Z,China,37.646108,120.477813,48
2007-05-21T02:22:40Z,China,29.625298,110.912619,31
1943-07-23T19:00:58Z,China,24.44218,114.938684,79
2000-10-18T05:44:11Z,Russia,48.816388,44.4777899,11
1969-07-29T04:46:58Z,China,37.518314,111.144319,93
1962-03-22T02:16:52Z,China,36.307064,120.39631,67
2013-09-13T08:00:50Z,China,22.533012,113.930475,19
1997-11-02T14:17:27Z,China,28.154774,116.870383,68
1976-10-27T19:49:17Z,Pakistan,33.7730407,72.4301105,59
1957-03-25T19:17:12Z,China,29.4976934,106.5730826,80
1966-04-09T11:50:34Z,China,37.510549,118.325556,62
1979-03-02T12:13:58Z,France,47.3752386,-0.8453268,87
1984-03-27T14:20:46Z,China,23.021478,113.121435,72
1953-11-06T03:28:56Z,United States,35.9015016,-81.138279,95
1953-05-26T15:04:50Z,China,34.683646,112.469023,42
1956-01-10T16:22:05Z,China,22.356083,112.562369,38
1977-05-03T06:06:41Z,China,34.519664,113.004052,69
1969-03-17T06:29:49Z,China,26.015959,116.602435,62
1981-03-09T00:16:04Z,China,27.578926,110.040315,74
1964-08-05T01:05:01Z,China,39.959953,116.298326,54
1950-11-08T12:20:29Z,France,46.5217941,6.0221735,69
2000-08-30T07:00:06Z,United States,42.9115599,-85.6264635,53
2013-02-01T23:24:44Z,China,29.625298,110.912619,16
1981-12-19T04:11:31Z,Russia,56.9396428,37.3590646,7
1945-08-09T07:58:52Z,China,29.999504,106.65627,2
1972-05-25T01:14:09Z,United States,33.9216582,-84.3772367,57
2005-06-10T20:13:59Z,China,41.57365,120.4493879,91
2017-04-22T11:14:19Z,Pakistan,29.8677682,67.3202088,78
1965-09-03T03:10:06Z,China,28.888555,120.047651,22
1965-07-28T08:17:11Z,China,23.131797,113.407143,32
1964-08-13T04:36:41Z,China,35.683952,-105.943638,44
1962-12-26T23:47:33Z,United States,41.88,-87.63,23
1968-04-01T22:17:20Z,China,30.898495,118.891482,13
1998-07-21T08:51:55Z,Russia,57.8991434,34.9594447,6
1985-09-04T14:19:58Z,Russia,55.7558426,52.061524,17
1968-05-12T15:04:59Z,China,28.668504,108.342379,89
1963-12-04T17:29:10Z,China,35.2,112.1666667,80
1990-01-01T14:23:36Z,North Korea,41.4174956,128.2035269,30
1946-11-30T23:38:22Z,China,35.202503,102.521807,1
1944-08-06T05:05:04Z,China,36.769677,101.48989,38
1948-11-02T23:23:12Z,China,38.071659,114.275059,25
1957-10-13T03:29:19Z,France,44.819386,4.596042,93
1999-02-11T15:57:34Z,Russia,44.263401,43.7629729,31
2015-09-27T12:22:30Z,China,37.175532,121.790282,52
2000-04-14T21:18:58Z,China,28.578756,89.227769,24
1953-12-16T23:51:13Z,China,35.563819,116.651828,29
1958-07-08T09:35:29Z,China,28.165293,121.35142,45
1960-06-20T09:48:27Z,China,29.270311,88.880492,30
1972-12-25T00:19:54Z,Russia,44.3703217,40.8103225,91
1998-05-29T20:08:36Z,China,39.138304,117.100087,51
1963-08-06T18:07:09Z,United Kingdom,52.4608207,-1.8886845,67
1950-07-06T02:41:12Z,China,39.377733,99.819316,4
1957-04-05T14:36:36Z,Russia,57.0128795,35.9200308,2
1992-12-30T17:51:07Z,China,38.05106,114.463347,17
1952-04-23T11:25:38Z,China,34.746611,113.625328,50
2015-02-07T13:16:13Z,Russia,54.2084536,72.9614362,21
2011-09-11T01:04:38Z,China,34.718968,110.693663,14
2005-07-26T14:18:08Z,China,29.859714,113.801133,85
1945-08-24T09:43:00Z,China,29.859714,113.801133,42
1986-07-15T21:06:26Z,France,47.287125,5.993932,89
1947-01-10T04:44:22Z,China,35.490701,112.851831,32
1955-11-15T14:21:14Z,China,35.657343,107.730679,94
1976-05-17T10:31:38Z,Russia,52.0108,86.5467,99
1975-02-19T14:55:30Z,China,31.7711077,119.9742793,99
1987-04-10T13:27:28Z,China,-6.9206542,39.2187828,8
1994-09-11T20:48:30Z,China,39.0063718,117.6852235,1
1945-04-28T10:15:26Z,China,29.299853,108.777742,73
1980-11-21T00:46:49Z,China,25.732824,117.130129,20
1993-11-09T01:42:31Z,Pakistan,30.4322645,72.3382454,15
1968-10-19T04:54:00Z,China,35.553144,116.783833,93
1982-11-05T22:14:12Z,North Korea,40.32306,128.65528,100
2016-08-25T18:36:16Z,China,39.21074,101.66898,95
1949-01-06T12:04:27Z,Russia,55.0214573,82.6615789,53
1975-01-01T06:11:25Z,China,40.797661,120.7511781,79
1943-12-29T16:19:36Z,China,39.9929963,116.4690641,2
2002-04-23T22:33:16Z,China,29.893672,110.346166,76
1956-08-05T04:52:10Z,Russia,48.0134881,37.7314838,31
2016-06-18T12:11:11Z,China,28.260189,117.069202,97
1944-12-23T02:10:09Z,Pakistan,30.2371203,68.5211384,60
1977-03-06T10:38:52Z,Russia,58.0312993,38.6043668,46
2016-03-10T18:12:45Z,Russia,54.6192996,39.8560057,49
1955-12-30T12:05:42Z,France,45.638468,0.129895,4
1977-12-29T01:02:54Z,China,22.806457,114.073302,55
2014-11-08T13:33:18Z,China,29.893672,110.346166,39
1988-11-13T09:00:50Z,China,31.058765,121.315718,51
1970-11-23T17:43:25Z,United States,42.5069391,-96.3598367,36
1944-07-15T11:46:48Z,France,48.9194633,2.2987001,33
1978-09-05T15:00:59Z,China,22.517585,113.39277,69
1978-06-28T19:16:23Z,China,31.627447,121.022581,3
1983-01-31T15:42:19Z,France,47.594843,1.3155028,23
2017-03-02T12:11:38Z,China,31.3265959,105.7904148,84
1981-04-23T00:14:00Z,United States,39.1674274,-84.5484275,62
1959-04-24T03:35:37Z,China,35.85544,102.43323,1
1991-06-03T23:31:12Z,Russia,61.8099494,30.9377106,18
1947-11-05T13:59:38Z,China,25.045532,101.528068,71
1980-03-05T02:02:41Z,China,42.615891,114.744988,99
1980-04-28T01:09:05Z,China,39.3433574,117.3616476,63
1968-05-02T09:41:12Z,China,28.47952,107.426841,23
2016-09-08T05:19:16Z,China,37.198731,106.1580937,80
1953-04-13T18:37:09Z,China,28.155801,105.444765,1
1957-04-12T11:23:13Z,China,36.689044,117.302269,98
1973-03-06T03:43:17Z,Russia,55.2402058,72.9177892,74
1991-04-13T23:42:47Z,China,32.165,108.8822222,13
1952-08-01T00:35:56Z,China,23.296786,113.823135,88
1946-12-20T00:16:23Z,United States,42.4678076,-70.9844,76
1949-05-01T17:06:03Z,Russia,51.9769348,116.5697117,85
2003-07-12T02:55:42Z,Russia,55.8437552,38.3176424,19
2014-03-19T04:29:49Z,China,30.819696,121.08105,73
1954-01-29T23:57:41Z,Russia,52.4725764,104.4039141,100
2003-01-06T22:03:52Z,China,35.024634,110.99742,44
1995-07-28T20:55:50Z,China,31.2303904,121.4737021,14
1999-06-21T09:13:31Z,China,31.953702,118.839685,82
1986-07-14T17:44:12Z,China,38.320362,114.723904,83
1997-08-23T23:39:49Z,China,43.897258,89.939332,90
1943-08-22T01:13:39Z,China,23.365556,116.70345,47
1964-09-18T22:25:13Z,China,33.288467,100.435347,37
1949-09-25T18:08:22Z,China,30.184907,121.227926,15
1954-12-27T06:11:17Z,China,32.0378049,118.7870855,80
1979-10-24T21:05:56Z,United States,37.54,-77.45,94
1950-03-01T20:46:03Z,Pakistan,31.44803,73.71257,88
1963-03-29T01:49:23Z,China,37.2425649,111.8568586,63
2017-02-02T08:58:42Z,Russia,53.3624134,55.9381136,82
1945-09-29T08:39:02Z,France,43.6227518,1.5256514,94
1987-08-02T08:38:12Z,Pakistan,34.1840093,71.7791319,46
1980-04-05T15:45:07Z,China,39.9947462,116.3397725,78
1962-03-07T21:16:57Z,Russia,44.0088432,39.192149,64
1974-12-14T22:17:25Z,France,47.3892142,0.6942885,39
1953-12-30T21:25:23Z,Russia,51.1632,41.151,57
1976-03-21T22:53:32Z,France,47.3675629,2.901637,91
1943-05-08T08:02:04Z,United States,31.4637723,-100.4370375,52
2007-11-29T04:20:52Z,France,44.8870215,3.883654,58
2013-11-30T10:45:21Z,France,47.304702,5.970378,12
1961-04-26T14:44:53Z,China,38.135288,114.397004,83
1953-01-18T20:25:05Z,China,27.939395,104.622995,66
1944-07-06T08:23:03Z,China,30.1787074,121.1174238,43
1979-07-01T07:41:47Z,China,31.887402,115.440283,43
1988-11-11T17:14:15Z,China,46.424008,123.674166,96
1967-10-01T20:28:34Z,Pakistan,25.4219675,68.5142341,64
2007-05-19T10:17:56Z,China,28.03825,120.892196,4
2016-05-31T14:58:22Z,France,48.1967872,6.4788333,61
1988-01-20T15:44:02Z,France,46.6121379,0.3379133,22
1992-12-30T16:18:37Z,China,22.691253,114.346251,55
2006-05-07T16:31:41Z,China,35.575064,111.230547,1
2003-11-05T11:24:39Z,United States,47.2420053,-122.4206086,9
1951-10-11T17:25:20Z,Russia,42.59689,47.71824,14
1982-08-12T08:10:15Z,China,30.2638032,102.8054753,12
1981-06-27T22:34:59Z,China,27.013081,106.452907,91
1994-12-06T12:11:27Z,China,38.995854,117.688815,55
1944-05-24T11:44:19Z,China,21.441808,110.778411,54
1953-12-07T18:30:35Z,China,47.1892329,8.7108197,5
1943-06-11T21:29:42Z,United States,34.28,-118.7,11
2005-01-31T06:18:11Z,Pakistan,31.5555726,74.3925525,14
1958-05-30T14:46:29Z,China,24.9848125,118.8310811,39
1965-02-23T22:20:50Z,France,49.2272998,2.8814002,60
1950-12-10T05:59:25Z,Russia,55.7293755,36.8606149,24
1944-05-21T07:38:49Z,North Korea,39.0392193,125.7625241,85
1982-04-08T05:11:40Z,China,40.02575,124.2869167,93
1970-11-16T01:39:48Z,China,27.874615,98.993616,89
1952-09-06T11:51:45Z,France,48.7700185,2.3508225,45
1975-05-15T04:23:51Z,France,49.2066705,2.0391896,47
1970-01-11T08:11:41Z,France,43.8177168,4.343135,52
2011-06-25T20:05:26Z,China,27.236635,108.912375,26
2016-05-14T00:41:17Z,China,23.583208,116.468928,69
1972-01-31T09:36:15Z,North Korea,41.09028,128.29333,18
1947-10-21T09:39:58Z,China,27.522725,112.507849,33
1977-01-31T19:33:54Z,Russia,52.7038839,55.8511258,61
1976-04-11T08:48:19Z,China,38.238247,114.491954,31
1989-05-17T18:21:58Z,China,23.9563274,113.1916737,41
2001-07-24T00:35:46Z,China,28.03825,120.892196,33
1992-12-08T20:18:58Z,China,28.590337,105.697472,60
1981-12-27T17:00:41Z,China,24.9936281,121.3009798,62
1967-01-17T13:47:13Z,China,24.4752847,101.3431058,78
1961-10-22T06:44:38Z,China,27.318852,115.444319,44
1942-06-11T09:24:27Z,China,30.7959602,120.6060568,82
1976-08-05T19:28:14Z,United States,42.9267976,-85.6480724,82
2013-05-15T09:37:41Z,United Kingdom,52.753093,-2.941678,74
1964-07-28T00:15:15Z,China,27.395894,114.286422,25
1967-04-22T17:34:06Z,China,31.385597,120.980736,6
1944-06-13T02:43:46Z,China,36.285792,120.601428,11
2004-09-15T14:55:02Z,China,30.128901,104.627636,7
1964-08-27T11:14:05Z,United States,41.879109,-86.550039,45
1965-06-21T14:36:39Z,China,26.263406,117.638678,31
1973-10-20T01:04:07Z,Russia,43.2837871,46.4531554,98
2002-01-04T22:15:51Z,China,41.733296,125.5668499,13
1962-11-11T20:11:31Z,United States,32.9901414,-96.8027198,38
2000-06-25T04:57:33Z,China,36.285616,115.147814,12
1976-03-22T20:30:54Z,Russia,55.2195122,75.9815939,35
2002-04-20T17:11:58Z,China,34.519664,113.004052,43
1959-07-18T14:15:29Z,Russia,62.930833,152.385,56
2010-01-19T17:54:29Z,China,52.3716937,4.8925949,4
1972-08-21T12:29:35Z,Russia,45.2379183,38.9712949,46
2012-10-30T10:06:08Z,China,42.583016,122.445594,69
2004-10-25T07:09:34Z,China,31.857513,120.507721,96
1960-06-26T07:42:15Z,China,40.6238989,122.5200228,89
1963-02-24T12:31:29Z,China,25.797931,110.011238,83
1969-02-11T16:25:20Z,China,33.258244,115.374821,63
1983-08-20T03:13:32Z,China,34.423878,110.947552,28
1949-03-30T09:56:32Z,Russia,52.0531815,36.1294093,13
1942-05-14T16:28:06Z,China,31.5259047,121.7614898,27
1962-10-26T15:54:32Z,China,32.53292,110.983684,39
1950-10-05T07:46:26Z,Russia,51.791159,87.2508267,34
1953-07-09T12:14:45Z,United States,42.4678076,-70.9844,50
1977-07-28T05:11:20Z,Russia,59.9638414,30.3516338,91
1968-01-11T04:35:58Z,China,28.074649,119.141473,89
1986-01-07T10:10:12Z,United States,41.5359304,-88.1193763,24
1979-06-17T00:59:30Z,China,39.246621,107.666176,56
1962-10-13T11:54:41Z,China,29.915093,118.279198,21
2005-08-31T07:54:07Z,China,37.550856,115.579308,36
2003-05-07T02:23:48Z,Russia,55.1860004,44.1197993,24
2000-03-19T04:39:36Z,China,22.555855,114.140113,90
1970-07-22T14:55:34Z,France,46.5993244,-1.1457859,19
1954-07-01T08:53:42Z,China,46.5807254,125.1344298,92
1956-09-05T04:19:37Z,China,33.868434,113.054801,86
2008-10-20T20:26:30Z,China,29.999504,106.65627,21
1956-10-12T21:02:42Z,China,39.9041999,116.4073963,31
2002-07-10T15:00:17Z,China,28.397356,108.643901,42
2014-12-25T19:04:20Z,Russia,50.7326515,41.9594576,37
1964-09-10T08:07:04Z,China,46.1382935,124.7973212,44
2013-07-01T05:23:50Z,China,30.651078,120.183168,48
1942-06-04T13:34:09Z,China,35.579427,109.262961,14
1943-01-01T13:59:10Z,China,43.236229,94.324152,95
1987-12-12T22:15:20Z,United Kingdom,51.4255297,-0.2050566,66
1947-10-24T22:46:31Z,France,43.5773738,3.8189307,68
1962-03-15T19:06:56Z,China,39.10972,117.246625,62
1954-01-22T06:06:26Z,China,37.0237497,120.5622121,21
1965-08-18T16:40:43Z,China,41.8136349,123.5288621,85
1980-02-14T09:19:19Z,China,25.49872,119.790168,52
1980-03-26T13:58:01Z,China,41.455932,118.106868,52
1991-12-13T03:46:22Z,China,31.121239,121.370354,83
2015-09-21T18:35:45Z,China,28.0093247,120.6569721,23
1965-07-07T09:17:26Z,France,47.9956173,0.1924459,83
1960-02-26T11:47:14Z,Russia,53.9384912,36.6848996,52
1977-10-23T08:12:58Z,China,36.865827,116.231416,97
1993-11-26T05:44:54Z,Russia,55.6188565,74.0452068,20
1983-04-10T10:34:53Z,China,30.646759,111.276255,93
1943-02-04T08:48:36Z,China,31.5094268,116.8877403,21
1997-01-07T00:01:39Z,China,38.6026034,-90.4365807,3
1975-07-03T22:21:57Z,China,28.264515,115.9608,99
1991-10-24T07:15:12Z,China,35.709077,107.643631,98
1994-01-14T13:06:39Z,Russia,54.6335878,21.8138526,64
1965-02-15T06:46:12Z,China,34.313074,108.715716,83
1947-10-26T11:17:31Z,Russia,44.9870496,38.994454,95
1962-02-19T11:13:20Z,China,34.26645,108.960747,78
2009-02-09T16:14:01Z,United States,21.3039859,-157.8625674,75
1953-07-03T21:38:31Z,China,31.753884,118.565462,62
1988-08-12T06:26:25Z,China,26.641774,118.17771,94
2002-01-26T21:36:54Z,China,38.240246,114.32282,72
1959-04-16T12:19:32Z,China,29.334318,117.001279,4
2014-11-09T01:26:18Z,China,30.912302,95.604143,34
1984-01-15T13:11:41Z,China,23.36225,103.374576,22
2012-12-26T17:45:33Z,China,29.948998,121.716539,7
1943-12-10T16:46:57Z,China,33.6669335,113.1115294,74
1967-04-17T05:15:37Z,China,30.233873,119.724733,54
2010-10-18T20:45:35Z,Russia,52.3992802,36.5028259,21
1948-06-27T02:35:39Z,Russia,54.789029,39.833505,44
1946-07-10T01:26:42Z,China,44.275895,123.9674831,11
2017-07-29T02:23:51Z,China,30.501816,110.738098,3
2016-01-16T05:08:41Z,China,25.600272,115.786056,93
2014-05-11T11:34:59Z,Russia,53.0475258,90.944621,59
1963-05-17T00:48:31Z,China,24.057648,116.321659,52
1983-01-12T12:00:57Z,China,24.607906,118.534074,91
1986-02-27T15:09:46Z,China,22.556499,114.236875,33
2011-01-05T08:29:56Z,Russia,45.3727904,40.829856,42
2005-03-09T10:38:20Z,China,30.070453,115.944218,15
1976-02-14T13:51:43Z,China,30.6031858,104.1029064,13
1981-05-31T03:46:33Z,France,44.8445542,-0.5494198,45
1994-05-08T06:40:30Z,Russia,52.6545685,41.4475479,40
2004-12-12T12:17:07Z,France,48.4621258,7.4888434,46
2014-12-06T17:24:50Z,United Kingdom,53.3992318,-1.7622544,1
2002-10-23T23:36:12Z,China,35.657584,103.307618,57
1979-11-28T03:56:06Z,China,30.864884,112.67271,38
1976-10-30T22:51:34Z,France,48.7717343,2.5030826,89
1999-03-26T10:13:11Z,China,29.703113,107.389298,74
2011-06-24T07:17:02Z,China,32.096344,118.909159,20
1949-01-04T22:58:27Z,Russia,53.6934353,124.8109085,60
1957-03-20T09:05:47Z,China,39.34163,112.395432,58
1972-01-15T16:22:23Z,United States,39.7912709,-84.3226488,64
1960-10-10T19:44:09Z,China,43.83179,125.291414,69
1979-05-05T07:13:29Z,France,47.3591366,2.8002946,85
1961-12-29T19:35:05Z,China,30.405177,103.798484,47
1953-11-14T09:35:07Z,France,48.7471816,2.3572729,54
1943-09-06T01:44:41Z,Russia,53.7217952,40.0305734,8
2005-06-20T01:47:49Z,China,30.0747701,-95.5216667,94
1989-04-19T20:10:50Z,France,47.3410322,1.1586866,47
1995-02-01T10:13:23Z,United States,31.8840886,-102.4953899,46
2012-03-22T17:06:57Z,China,24.412155,115.744112,2
1964-12-30T20:13:35Z,China,30.242572,120.053059,65
1960-04-14T07:28:24Z,China,39.6900895,115.9298599,52
1954-10-25T22:09:54Z,France,48.8610504,2.3237084,25
2010-07-05T03:29:48Z,China,34.613586,118.367215,82
1987-04-20T05:22:27Z,China,29.724589,116.245433,68
1970-03-17T13:55:59Z,China,33.5719791,-84.3396421,61
1962-06-09T09:16:02Z,Russia,55.3293156,42.0426795,3
2007-11-06T20:57:08Z,France,43.7441795,2.511999,67
1985-03-15T11:28:25Z,China,25.63273,118.980277,99
1973-04-16T06:42:47Z,China,47.520508,87.750232,87
1978-03-29T14:40:54Z,China,26.27436,106.586543,50
1991-04-06T02:19:40Z,United States,41.0875099,-81.6363869,50
1948-06-17T13:10:17Z,China,34.852159,117.564229,87
1948-11-20T02:35:57Z,China,30.031533,101.014425,11
1982-03-05T09:57:08Z,Russia,51.400458,86.02293,18
2003-12-20T02:05:53Z,China,31.491169,120.31191,90
1997-05-16T11:28:44Z,China,24.9936281,121.3009798,55
1980-10-03T02:42:46Z,Russia,46.0714056,40.8784823,51
2003-07-23T17:38:22Z,China,31.050715,118.858949,24
1994-04-15T01:43:39Z,China,32.099905,118.031463,15
1945-07-30T09:26:26Z,China,38.03,106.317671,76
1982-08-07T19:39:23Z,China,30.855065,113.734707,68
2012-04-28T05:37:16Z,China,24.8415601,99.0818001,54
1942-07-17T22:07:42Z,China,30.493506,112.906645,94
2017-12-07T06:19:02Z,China,40.2023282,116.2398367,13
1983-03-05T12:59:45Z,China,46.80381,85.45172,65
1980-12-18T12:20:52Z,China,31.223427,121.455964,4
1949-01-19T02:28:08Z,Russia,61.6724707,40.2145002,33
1969-10-21T10:04:55Z,United States,47.2457073,-122.4773432,86
1959-01-02T01:09:16Z,China,31.035395,112.199427,84
1977-06-28T09:30:39Z,Russia,45.8029045,38.9986184,92
1996-09-27T19:35:33Z,China,24.364134,114.562955,79
1991-01-04T19:40:32Z,China,35.063892,101.818885,7
1969-01-06T12:26:19Z,United States,44.934021,-123.3072848,72
2007-03-03T02:04:13Z,France,45.3875142,4.287114,51
2003-08-15T10:32:10Z,China,36.962883,115.260968,35
1994-11-30T01:57:22Z,China,40.882377,122.685217,51
1966-05-30T03:52:29Z,France,43.704612,7.261933,52
1964-08-20T05:59:35Z,China,31.3265959,105.7904148,64
1949-09-20T08:58:26Z,China,44.362833,85.35698,16
1989-11-03T13:38:53Z,China,40.508339,79.047291,34
1962-12-21T10:03:42Z,China,21.857958,111.982232,28
2012-08-14T12:46:31Z,China,29.972084,106.27613,92
1998-11-08T04:50:28Z,China,32.627137,119.257096,71
1999-07-24T04:11:57Z,China,26.647661,106.630153,15
1981-10-10T03:05:09Z,Russia,44.9293507,39.7571015,75
1946-10-21T17:10:21Z,France,47.9956173,0.1924459,36
1960-06-09T10:43:05Z,France,48.0080981,6.7166698,32
1987-01-07T14:26:16Z,China,39.882122,116.2637946,19
1971-04-21T14:13:55Z,China,23.020673,113.751799,77
1981-07-14T21:35:22Z,Russia,45.3913779,40.1763516,30
1979-11-12T19:01:04Z,China,31.753884,118.565462,97
1955-02-10T15:20:35Z,China,32.707997,110.341615,21
1951-01-15T05:58:34Z,China,37.520481,115.251124,58
1958-03-29T20:28:47Z,Russia,50.2350707,38.0596975,34
1994-05-20T10:02:58Z,China,36.284107,100.620031,87
2017-06-26T06:11:12Z,Russia,53.5484776,87.2598304,72
1997-06-14T16:56:46Z,Russia,52.664639,35.8136035,13
1957-10-26T19:26:08Z,France,45.180548,0.768949,11
2009-09-27T18:35:55Z,China,26.641315,100.222545,37
2005-08-04T03:34:22Z,China,29.584292,111.380014,69
2014-07-26T17:26:18Z,China,27.318852,115.444319,1
1970-10-13T08:25:38Z,China,29.334318,117.001279,26
1984-09-23T03:00:45Z,China,30.9578398,107.8655766,31
1960-04-09T14:31:25Z,China,33.6634952,112.6061178,96
1956-06-17T17:39:30Z,United States,33.7654607,-84.38709,2
2003-05-14T05:47:19Z,France,48.6277459,2.4381665,26
1991-04-02T02:13:32Z,China,27.378875,103.534774,15
1978-11-30T14:36:22Z,China,30.20856,120.211816,66
2003-12-06T15:34:30Z,China,27.991617,114.387256,2
1956-10-24T04:04:50Z,China,35.288456,115.098698,19
1971-11-06T08:50:44Z,China,32.018685,120.835617,66
2016-06-14T01:25:37Z,United States,35.3756077,-94.4313928,15
1988-12-26T21:36:13Z,China,30.741203,121.300071,35
1983-01-26T09:55:39Z,China,23.131797,113.407143,18
1945-01-30T20:52:41Z,China,27.69965,108.839557,77
1943-08-13T00:57:32Z,Russia,53.1212988,35.3879453,23
1982-06-04T08:11:07Z,China,31.364902,108.249509,76
1951-05-06T14:00:45Z,United States,32.93,-97.44,11
1970-04-11T15:24:26Z,United States,42.6862558,-82.7625747,59
2013-08-31T05:24:00Z,China,25.419319,118.993885,53
2000-01-06T21:41:02Z,France,48.7997482,2.4699259,12
1980-12-29T21:05:45Z,China,26.855047,100.22775,78
1981-07-06T03:26:24Z,China,30.466314,92.55497,25
1995-11-16T16:31:31Z,China,22.517585,113.39277,99
1956-07-04T21:24:39Z,China,34.158997,108.906994,76
1981-05-16T21:25:44Z,China,39.8184959,116.5558524,14
1950-02-26T20:06:21Z,Russia,53.2264,78.9845,46
1982-09-11T09:16:35Z,China,24.49705,103.418167,23
1973-09-12T16:24:59Z,France,45.9472601,-0.9636732,68
1997-03-21T20:19:43Z,China,31.760353,93.617125,65
1973-01-02T04:45:53Z,China,35.26364,116.449839,87
1965-04-28T14:56:28Z,China,23.6347,102.826557,4
1951-03-28T14:15:12Z,Russia,54.8737338,83.000494,96
1968-08-28T08:47:55Z,Russia,43.4136328,43.7924407,9
1983-11-10T06:56:33Z,China,25.073688,121.5140449,36
1963-09-27T20:09:10Z,China,41.103983,114.05056,31
1968-01-13T06:44:18Z,China,32.728228,116.943665,65
1971-04-18T18:53:23Z,France,45.3207796,4.1293609,47
2000-04-24T16:06:55Z,France,43.454956,4.946467,80
1967-04-20T06:31:42Z,France,43.4945737,5.8978018,44
1987-03-29T13:38:39Z,China,42.654146,122.749282,23
1975-06-04T08:27:51Z,China,37.045911,111.831552,22
1966-09-22T13:15:42Z,China,39.9368237,116.4442945,18
2007-02-26T12:06:32Z,China,39.2166313,77.6012162,12
2007-11-27T21:56:48Z,China,27.716826,112.007114,75
1956-05-18T15:08:08Z,China,29.859268,89.387008,76
1986-01-22T13:35:11Z,Russia,60.0043226,56.655672,85
2016-10-29T05:43:08Z,China,30.453667,114.872199,28
1984-06-15T18:01:26Z,United States,36.09,-79.83,41
1965-08-23T04:06:57Z,Russia,55.3979,45.614,18
2005-10-21T08:33:56Z,France,43.4945737,5.8978018,63
1959-02-19T10:53:48Z,United States,36.1069958,-79.8522564,84
1994-08-09T11:02:33Z,Russia,60.994897,71.8982957,84
2008-08-31T03:20:13Z,China,47.1892329,8.7108197,32
1994-07-16T23:20:02Z,China,31.364902,108.249509,73
1989-02-17T16:18:04Z,China,37.856971,113.580519,31
1948-05-08T16:45:52Z,China,35.289368,115.089905,96
1964-08-04T09:31:44Z,China,40.343992,123.4454,72
1995-08-12T14:45:23Z,China,35.177451,109.590671,40
1991-06-10T06:32:18Z,China,27.788371,107.913127,68
1984-06-08T20:19:54Z,China,41.450529,121.916465,19
1953-05-29T15:23:56Z,China,29.367984,111.177234,91
1989-06-19T13:49:09Z,China,27.6616992,120.5610519,69
1973-11-09T02:10:17Z,China,52.54952,13.35118,75
2006-07-29T13:47:56Z,China,31.298974,120.585289,12
1966-10-28T08:39:02Z,China,34.0506434,109.3781809,30
1984-12-29T01:40:58Z,United States,34.0051492,-81.0488996,98
1957-07-30T00:59:42Z,United States,29.483344,-98.5207797,98
2010-04-06T04:59:55Z,China,40.32084,97.1234,33
1977-09-17T10:13:53Z,China,32.655325,103.604698,31
1978-07-25T08:54:01Z,China,42.7415586,-84.5050878,23
2013-03-30T03:02:30Z,China,45.33697,131.011304,94
1943-12-05T04:07:39Z,Russia,55.5807611,37.7673912,14
1961-03-23T14:46:02Z,United States,44.903044,-93.2332244,65
1984-10-08T21:20:08Z,Pakistan,27.96897,68.80481,97
2010-11-13T23:05:24Z,China,32.318255,109.715304,13
1994-09-02T07:16:15Z,China,22.948016,113.366904,58
2001-04-01T18:49:05Z,China,38.042805,114.514893,81
1952-03-12T00:36:05Z,China,24.176656,107.349803,52
1955-03-28T07:12:30Z,China,31.630613,118.421214,53
1944-03-22T01:36:38Z,China,42.223828,123.726035,77
1975-12-05T06:17:09Z,Russia,55.5146696,35.8272389,90
1963-05-06T02:38:27Z,China,29.476705,121.869339,67
1990-12-03T01:14:19Z,Russia,55.2519048,52.5882232,68
1987-07-10T05:13:41Z,China,31.947633,108.664214,95
1952-08-22T02:36:00Z,China,39.013668,112.882158,7
1988-01-07T00:34:28Z,United States,33.6289952,-112.1370601,49
2003-11-10T06:00:16Z,Russia,53.4878671,50.039864,15
1969-06-17T08:17:22Z,China,42.57495,123.16525,58
1987-02-18T02:44:10Z,China,39.957737,116.363671,99
1959-02-19T06:52:56Z,China,29.696195,106.79542,70
1961-05-08T20:37:29Z,China,36.645169,117.364633,50
1997-12-05T23:20:18Z,France,44.8529367,0.4881056,34
1991-04-10T04:33:17Z,China,43.1520105,126.4371385,7
1997-04-03T00:38:24Z,United States,33.76,-84.39,13
2002-08-15T10:30:07Z,Russia,54.3749589,60.0069111,97
1951-07-16T19:53:46Z,China,37.520481,115.251124,30
2008-02-26T03:46:59Z,Russia,71.96347,114.09199,75
1994-05-21T11:25:09Z,China,26.885704,120.005147,51
1943-06-05T20:11:58Z,Russia,53.9559626,38.2899306,7
1965-01-16T09:47:59Z,Russia,44.0752881,39.0848844,85
1998-01-06T06:09:25Z,China,39.8086333,116.4455561,10
1983-08-29T06:40:29Z,China,28.441209,115.360554,13
1970-09-11T10:11:27Z,United States,42.4395419,-83.3155257,16
2012-07-02T14:30:45Z,Russia,45.149066,43.4277535,40
1984-06-08T21:01:12Z,China,39.585229,117.238073,48
1942-10-27T18:50:39Z,China,23.021478,113.121435,5
1971-07-20T23:26:34Z,China,35.6905313,105.0546075,30
1970-10-21T07:32:30Z,China,29.606703,106.574271,85
1947-06-22T04:07:02Z,Russia,51.3978,83.5598,10
2000-03-25T12:58:31Z,China,31.2289489,121.4584218,7
1999-08-21T15:03:11Z,China,39.975999,116.317558,69
1942-06-24T02:41:17Z,China,22.720974,114.246899,92
1964-07-23T09:13:20Z,China,28.590337,105.697472,65
2006-04-19T20:41:32Z,China,26.117104,113.114914,8
2002-11-27T13:32:01Z,China,48.071593,119.059106,14
1983-12-16T06:48:11Z,China,23.2462521,113.0030017,54
1983-12-01T04:46:20Z,United States,35.1341835,-89.8655563,50
2007-06-03T02:31:11Z,Russia,44.0328,42.8813,12
1962-09-21T21:01:49Z,United States,33.6977944,-117.7765895,31
2013-01-27T09:35:57Z,China,42.284605,125.744735,83
2004-01-05T22:55:09Z,China,24.466675,112.626495,84
1956-11-09T00:09:55Z,United States,37.2422863,-121.7309452,79
1962-04-17T20:47:03Z,United States,38.43923,-122.6673018,32
1950-02-21T19:47:10Z,China,32.43155,116.514251,92
2000-05-04T10:45:11Z,Russia,61.8171356,51.5568693,71
1945-05-16T21:53:15Z,China,24.012808,97.85193,79
1943-09-09T00:02:45Z,Russia,53.7417003,119.7575154,3
1948-12-12T07:06:45Z,China,24.192468,115.665617,68
1989-03-18T16:51:59Z,China,32.317865,118.36525,43
1987-09-21T21:21:36Z,China,34.29922,108.490475,47
2006-08-27T01:18:25Z,China,35.242057,116.087054,100
1970-08-06T19:04:12Z,China,28.138525,109.326383,63
1975-04-02T10:48:23Z,China,39.827482,122.099452,58
1954-01-01T08:27:49Z,China,39.1934799,117.0775313,91
1965-08-07T06:34:57Z,France,47.3860507,0.7236073,86
1992-01-15T14:43:06Z,China,24.130374,110.189462,73
1972-02-11T12:21:14Z,China,31.114301,121.574951,57
1988-12-16T04:27:26Z,China,34.714779,111.47239,33
2016-09-27T18:12:00Z,France,49.0226173,1.1394024,42
1979-08-31T02:12:29Z,China,26.560231,100.176498,27
1991-02-09T16:36:23Z,China,40.415585,116.545578,73
2016-04-13T05:29:03Z,China,32.8676912,-80.017511,55
1990-10-26T06:40:11Z,China,40.417358,117.500558,92
2007-03-11T13:57:05Z,France,46.8087637,1.6937962,80
2003-12-09T11:28:22Z,Pakistan,26.1517206,68.6514455,51
1946-10-16T22:53:23Z,China,23.2252,113.148534,92
1982-12-19T04:58:25Z,China,25.526986,112.615815,25
1962-10-31T23:27:17Z,China,24.803563,115.482733,23
1992-04-03T19:09:02Z,China,30.521605,111.592073,37
2006-12-01T01:22:13Z,Russia,51.626324,39.4129061,74
1945-01-28T18:39:32Z,United States,32.0005346,-80.9760556,92
1989-11-21T13:39:07Z,United States,42.7282811,-84.5511177,78
1959-02-12T03:14:23Z,China,23.701262,117.430061,57
2006-09-28T21:49:15Z,China,44.81291,123.088238,94
1978-07-29T00:36:42Z,China,40.058197,116.408772,11
1964-07-05T23:32:42Z,Russia,51.0722125,132.6007578,71
1946-11-25T10:41:19Z,Russia,48.0514345,39.9041695,77
1976-12-14T15:37:48Z,China,27.34763,119.135302,43
1996-07-27T00:29:56Z,China,27.630806,114.029827,38
1988-07-13T21:49:10Z,China,22.676245,113.418215,18
1981-09-04T23:15:17Z,China,31.105555,111.214922,27
1954-06-26T10:14:09Z,France,45.8359543,5.0634248,58
1945-02-01T01:52:06Z,China,34.1777698,108.8682333,88
1959-02-02T04:38:40Z,Russia,59.902198,30.337848,52
2014-11-24T06:45:24Z,China,31.364902,108.249509,15
1945-01-15T09:55:05Z,France,43.7441795,2.511999,32
1954-09-29T22:54:17Z,China,29.117096,110.479191,64
1952-10-05T10:03:19Z,China,39.193073,112.865891,21
1965-11-23T04:15:58Z,China,33.626149,114.69695,94
2017-02-27T21:58:09Z,China,25.710538,116.754472,19
2011-06-26T03:58:55Z,Russia,54.8948642,42.7717966,38
1988-12-31T09:57:43Z,France,45.7782243,4.7987938,48
1975-10-05T10:59:28Z,Russia,56.8810476,60.0156754,49
2016-08-12T12:23:40Z,Russia,55.706586,37.5186129,1
2006-12-02T17:33:39Z,China,20.044412,110.198286,23
1990-03-22T03:51:36Z,United States,27.791959,-82.723924,40
1954-08-20T02:27:30Z,China,30.00415,110.246747,37
1973-10-20T02:00:03Z,China,22.781631,108.273158,49
1977-11-27T21:49:14Z,United States,40.7345053,-111.8628205,34
1954-12-03T13:50:42Z,China,25.748455,116.747009,94
1992-10-17T20:17:12Z,China,30.310011,120.348422,99
2016-09-21T01:12:23Z,Russia,56.346821,30.538999,6
2012-05-09T16:21:56Z,China,39.10972,117.246625,60
2016-07-05T11:36:09Z,China,44.34072,129.4828511,67
1960-03-07T16:27:38Z,Russia,58.4705978,41.5474702,96
2011-03-30T11:19:05Z,China,18.903521,110.477642,49
1948-09-08T07:15:39Z,China,25.19786,99.233929,5
2001-12-30T05:00:39Z,China,29.648686,109.864472,57
1951-10-10T14:15:22Z,Russia,45.2759652,39.9140414,38
2017-01-26T14:31:33Z,China,24.884626,104.308675,80
2002-04-16T22:47:50Z,Russia,54.9787385,83.1136054,59
1950-04-13T03:07:54Z,China,31.364042,108.520914,34
1952-01-30T08:46:58Z,Russia,44.9869042,37.2580021,37
1964-01-20T02:21:15Z,United States,36.9262849,-76.0203323,97
1964-04-11T13:50:05Z,United States,36.8537392,-76.2652909,58
1997-05-07T10:26:11Z,France,44.190357,0.63968,59
1959-05-25T07:49:39Z,Russia,50.1010604,129.4430074,6
2000-02-13T04:26:04Z,China,31.298974,120.585289,21
2000-02-19T19:38:06Z,France,44.255137,5.262028,26
2004-05-14T14:38:10Z,China,30.841493,111.01537,76
1981-09-27T12:36:06Z,China,38.430793,100.812859,35
1943-06-15T05:46:26Z,China,37.2425649,111.8568586,13
1987-04-13T18:26:10Z,China,27.569678,116.63704,7
1981-03-03T10:49:12Z,China,34.6911,106.221144,40
1970-03-13T09:31:17Z,China,47.171717,124.863603,13
2000-11-01T13:24:18Z,Russia,56.178249,37.902732,75
1968-12-27T16:17:15Z,Russia,55.8389853,37.1414146,11
1946-08-21T04:34:11Z,China,32.748143,111.183426,23
2000-10-22T21:52:27Z,China,25.994869,111.984823,82
1952-09-26T20:46:29Z,China,30.124428,116.694183,38
1950-06-05T16:16:48Z,Russia,55.7213879,37.40292,40
1966-06-07T11:48:19Z,China,28.065524,112.217855,44
1968-10-04T08:43:41Z,China,22.4537995,112.9340394,78
1979-03-13T03:31:05Z,Russia,43.2261193,45.3885257,31
1991-04-23T15:19:35Z,Pakistan,28.7382793,69.1963258,17
1957-03-31T10:16:10Z,France,43.7441795,2.511999,89
1951-05-23T11:10:34Z,China,28.682892,115.858197,78
1992-03-05T07:13:59Z,China,40.608793,115.099494,51
1944-09-03T06:53:16Z,China,39.930131,116.373338,16
1953-03-12T00:53:57Z,Russia,62.0299471,129.7171247,28
1942-11-29T17:39:17Z,China,23.5958633,120.2858846,94
2010-09-08T05:40:13Z,China,27.738569,108.831887,54
1984-03-06T15:35:36Z,China,31.3219,121.01853,58
2008-03-26T04:43:54Z,China,38.520089,102.188043,31
2016-07-03T15:17:44Z,China,31.938731,113.165197,38
1984-09-04T08:50:07Z,China,34.151624,109.323479,60
2003-05-07T05:29:26Z,Russia,51.6591155,39.0641146,82
2012-09-30T00:41:38Z,China,22.302496,113.363816,5
1977-07-04T17:31:20Z,China,24.722747,118.152148,22
1988-05-27T02:10:23Z,China,31.874138,103.573122,43
1951-01-01T18:44:30Z,Russia,55.0764307,98.8426483,84
1947-11-19T12:18:35Z,China,35.332666,107.36785,26
1955-08-18T18:21:02Z,China,27.8096522,120.445031,12
1979-09-09T02:06:53Z,France,46.6698573,0.3697581,63
2006-03-17T07:48:00Z,Russia,56.7962374,45.4671248,99
1950-06-17T09:05:41Z,United States,40.7525629,-73.976024,59
1965-08-17T21:39:05Z,China,33.844582,115.778676,97
1951-11-21T10:57:52Z,Russia,53.3791711,50.3248312,94
1982-06-17T07:08:16Z,China,41.28932,111.206475,29
1961-03-11T02:57:08Z,China,30.933652,94.7078,70
1967-11-06T16:06:59Z,China,43.817071,125.323544,49
1970-12-13T07:30:12Z,China,24.9938893,110.4541138,37
1996-02-11T09:39:24Z,Russia,55.807167,37.500595,29
1993-09-25T21:51:18Z,Pakistan,30.8043158,72.2069276,58
2004-11-10T19:41:54Z,United States,41.6,-93.61,99
1992-05-09T22:37:06Z,Russia,60.008624,30.412653,69
1969-08-18T00:48:45Z,China,38.9421248,121.4849128,82
1973-02-16T09:26:21Z,China,38.042805,114.514893,30
1977-07-06T21:59:54Z,China,25.991991,119.368971,28
1969-03-02T13:05:22Z,United Kingdom,52.574095,-0.672296,34
1968-08-02T20:48:09Z,France,49.0096906,2.5479245,4
1960-10-05T15:01:09Z,Russia,55.9562612,92.5796162,82
1979-03-03T11:13:00Z,China,29.763892,121.513271,9
1985-06-24T23:33:21Z,China,44.412308,131.152545,64
2015-01-25T00:07:10Z,France,48.9101028,2.234305,98
1949-11-08T14:03:53Z,Russia,62.216473,135.8549959,56
2015-10-18T00:58:34Z,China,27.522069,116.336069,91
