country,time,latitude,longitude,yield
USA,-771984000000,33.67530,-106.47470,21
USA,-770256000000,34.39140,132.45810,15
USA,-769910400000,32.77020,129.86570,21
USA,-741830400000,11.58000,165.50000,21
USA,-739756800000,11.58330,165.50000,21
USA,-685324800000,11.67000,162.24000,37
USA,-683942400000,11.62000,162.33000,49
USA,-682732800000,11.56000,162.35000,18
USA,-597369600000,36.80000,-115.95000,1
USA,-597283200000,36.80000,-115.95000,8
USA,-596937600000,36.80000,-115.95000,1
USA,-596851200000,36.80000,-115.95000,8
USA,-596505600000,36.80000,-115.95000,22
USA,-591321600000,11.55580,162.35440,81
USA,-590198400000,11.66890,162.24030,47
USA,-588643200000,11.62690,162.31470,225
USA,-587260800000,11.67300,162.24860,45.5
USA,-574214400000,37.08390,-116.02390,0.05
USA,-573696000000,37.08500,-116.02000,3.5
USA,-573523200000,37.08500,-116.02030,14
USA,-573350400000,37.08470,-116.01970,21
USA,-573004800000,37.09190,-116.02440,31
USA,-571795200000,37.13170,-116.03860,1.2
USA,-570931200000,37.16970,-116.04250,1.2
USA,-560217600000,36.79830,-115.93560,1
USA,-559008000000,37.08420,-116.01940,1
USA,-558403200000,37.08440,-116.02030,31
USA,-557625600000,37.08420,-116.02030,19
USA,-557107200000,37.05310,-116.10560,12
USA,-555552000000,37.09560,-116.10560,11
USA,-554947200000,37.04810,-116.02110,15
USA,-554601600000,37.13860,-116.11780,14
USA,-541814400000,11.23720,162.19640,10400
USA,-540518400000,11.56220,162.35250,500
USA,-529977600000,37.04780,-116.02110,16
USA,-529372800000,37.09560,-116.10280,24
USA,-528768000000,37.08280,-116.02390,0.2
USA,-528249600000,37.08470,-116.01800,11
USA,-527817600000,37.09890,-116.09250,0.2
USA,-527212800000,37.13830,-116.11780,23
USA,-526608000000,37.05310,-116.10280,43
USA,-525484800000,36.80000,-115.92890,27
USA,-524534400000,37.04030,-116.02530,32
USA,-524016000000,36.79310,-115.91470,15
USA,-523152000000,37.08750,-116.01830,61
USA,-499910400000,11.69080,165.27360,15000
USA,-497664000000,11.69080,165.27300,11000
USA,-496713600000,11.49670,165.36750,110
USA,-495072000000,11.66640,165.38720,6900
USA,-494294400000,11.66560,165.38690,13500
USA,-493516800000,11.67050,162.19640,1690
USA,-469238400000,37.08670,-116.02190,1
USA,-468892800000,37.04780,-116.02110,2
USA,-468288000000,37.12550,-116.04750,7
USA,-467769600000,37.13830,-116.11750,43
USA,-467337600000,37.04030,-116.02530,4
USA,-466473600000,37.09470,-116.02390,8
USA,-466387200000,37.16830,-116.04390,1
USA,-465868800000,37.09560,-116.10280,14
USA,-465868800000,37.08670,-116.05780,3
USA,-465177600000,37.02860,-116.05780,3
USA,-464918400000,37.12220,-116.03440,2
USA,-464400000000,36.79810,-115.92890,22
USA,-462672000000,37.05310,-116.10250,29
USA,-461894400000,28.73330,-126.26670,30
USA,-461808000000,37.09470,-116.02390,28
USA,-447120000000,36.90000,-115.95000,0
USA,-446947200000,36.90000,-115.95000,0
USA,-446774400000,36.90000,-115.95000,0
USA,-440380800000,36.90000,-115.95000,0.01
USA,-431136000000,11.55780,162.35500,40
USA,-429753600000,11.66830,165.39420,3800
USA,-429148800000,11.49670,165.36920,3500
USA,-429148800000,11.62000,162.33000,0.19
USA,-428889600000,11.54440,162.36440,14.9
USA,-428284800000,11.67640,162.22220,13.7
USA,-427852800000,11.60000,165.45140,365
USA,-427852800000,11.55110,162.35860,8
USA,-427680000000,11.62000,162.33000,1.49
USA,-427420800000,11.54670,162.36080,1.7
USA,-426988800000,11.63000,162.35000,15.2
USA,-426643200000,11.60280,165.45140,1100
USA,-426038400000,11.63000,162.31000,360
USA,-425520000000,11.67140,162.20030,1850
USA,-425347200000,11.66330,165.38720,4500
USA,-424483200000,11.67390,165.33940,5000
USA,-424396800000,11.67190,162.36920,250
USA,-400464000000,37.20000,-116.10000,0
USA,-397526400000,37.09470,-116.02360,12
USA,-397094400000,37.04780,-116.02110,0.14
USA,-396835200000,37.13470,-116.04080,0.0005
USA,-395712000000,37.13470,-116.04080,10
USA,-395193600000,36.79810,-115.92890,37
USA,-394588800000,37.04000,-116.03000,0
USA,-394243200000,37.13470,-116.04080,74
USA,-393379200000,37.15030,-116.10860,17
USA,-393033600000,37.16060,-116.05310,2
USA,-392601600000,37.09500,-116.10300,10
USA,-392515200000,37.13470,-116.04080,9.7
USA,-392428800000,37.05180,-116.03340,0.01
USA,-391392000000,37.08670,-116.02360,19
USA,-391132800000,37.19390,-116.03330,0
USA,-390441600000,37.12800,-116.10640,17
USA,-390009600000,37.08670,-116.02360,11
USA,-389664000000,37.04910,-116.03400,0.01
USA,-389404800000,37.08670,-116.02360,4.7
USA,-389318400000,37.18720,-116.06780,44
USA,-389145600000,37.05310,-116.10250,11
USA,-388800000000,37.13470,-116.04080,0.197
USA,-388800000000,37.04300,-116.02600,0.3
USA,-388627200000,37.08670,-116.02360,1
USA,-388108800000,37.03360,-116.03140,11
USA,-387936000000,37.08670,-116.02360,12
USA,-387676800000,37.19580,-116.20310,1.7
USA,-387331200000,37.13830,-116.11750,19
USA,-386899200000,37.13470,-116.04080,12
USA,-386121600000,37.13470,-116.04080,8
USA,-380937600000,37.04990,-116.03090,0.01
USA,-380678400000,37.04000,-116.03000,0.5
USA,-374198400000,37.11300,-116.11500,0.0005
USA,-372470400000,37.11300,-116.11500,0.0005
USA,-368582400000,12.61670,168.02500,1.7
USA,-367977600000,11.55640,162.35420,18
USA,-367459200000,11.69080,165.27360,1360
USA,-367459200000,11.54110,162.35060,81
USA,-367372800000,11.67500,162.20560,1370
USA,-367027200000,11.34470,162.17890,9
USA,-366681600000,11.54390,162.35610,5.9
USA,-366595200000,11.49610,165.37080,25.1
USA,-366163200000,11.66030,162.22530,330
USA,-366163200000,11.54280,162.35390,57
USA,-365817600000,11.66330,162.23000,11.6
USA,-365731200000,11.69080,165.27360,92
USA,-365558400000,11.54110,162.35170,15
USA,-365040000000,11.38080,162.21920,8
USA,-364867200000,11.68720,165.41500,213
USA,-364521600000,11.69080,165.27330,319
USA,-364521600000,11.66030,162.22530,1450
USA,-364176000000,11.54420,162.35640,11
USA,-363398400000,11.68720,165.41500,412
USA,-363398400000,11.66330,162.23000,880
USA,-363312000000,11.60780,162.10780,8900
USA,-363225600000,11.49610,162.37080,14
USA,-363052800000,11.54420,162.35640,5.2
USA,-362966400000,11.69080,165.27360,220
USA,-362707200000,11.66330,162.23000,397
USA,-362102400000,11.68810,165.26440,9300
USA,-361929600000,11.55000,162.36000,0
USA,-361670400000,11.55000,162.31000,255
USA,-361238400000,11.49610,165.37080,65
USA,-361238400000,11.66330,162.23000,202
USA,-360892800000,11.65610,162.21970,2000
USA,-360374400000,16.74390,-169.53330,3800
USA,-359942400000,11.55000,162.36000,0
USA,-359424000000,16.35830,-169.53560,3800
USA,-358905600000,11.55000,162.36000,0.02
USA,-358128000000,-38.50000,-11.50000,1.5
USA,-357868800000,-49.50000,-8.20000,1.5
USA,-357264000000,-48.50000,-9.70000,1.5
USA,-356745600000,37.05000,-116.03190,0.038
USA,-356313600000,37.04940,-116.03300,0.015
USA,-356140800000,37.08670,-116.02360,0.083
USA,-355968000000,37.04920,-116.03360,0.0015
USA,-355795200000,37.19310,-116.20060,0.01
USA,-355536000000,37.04970,-116.02970,0.002
USA,-355363200000,37.19310,-116.20060,0.013
USA,-355276800000,37.08670,-116.02360,2
USA,-354758400000,37.08670,-116.02360,0.077
USA,-354758400000,37.04890,-116.03420,0.0055
USA,-354499200000,37.19530,-116.20030,0.072
USA,-354326400000,37.09470,-116.02360,0.079
USA,-354067200000,37.08670,-116.02360,1.4
USA,-353980800000,37.19390,-116.19970,0.115
USA,-353894400000,36.80220,-115.93220,0.0012
USA,-353808000000,37.18420,-116.20110,5
USA,-353808000000,37.08670,-116.02360,0.037
USA,-353721600000,37.12250,-116.03470,0.024
USA,-353635200000,37.04110,-116.02580,0.09
USA,-353462400000,37.04470,-116.02970,0
USA,-353289600000,37.08670,-116.02360,6
USA,-353289600000,36.79810,-115.92890,0.115
USA,-353289600000,37.20000,-116.10000,0
USA,-353289600000,37.13470,-116.04080,0.188
USA,-353116800000,37.04310,-116.02690,0.021
USA,-353116800000,37.12330,-116.03780,0.0017
USA,-352944000000,37.18140,-116.06860,0.0007
USA,-352944000000,36.79810,-115.92890,4.9
USA,-352944000000,37.08670,-116.02360,2.2
USA,-352857600000,37.05000,-116.00000,0.0006
USA,-352684800000,37.19470,-116.20470,0.055
USA,-352684800000,37.10000,-116.05000,0
USA,-352684800000,37.04780,-116.02470,0.0078
USA,-352598400000,37.08670,-116.02360,1.3
USA,-352598400000,37.10000,-116.05000,0
USA,-352598400000,37.18580,-116.20190,22
USA,-352598400000,37.17720,-116.06920,0.0002
USA,-261792000000,37.18794,-116.20775,2.6
USA,-261705600000,37.04844,-116.03281,20
USA,-260409600000,37.04834,-116.03451,20
USA,-259632000000,37.19428,-116.20703,20
USA,-257990400000,37.04856,-116.03108,20
USA,-254966400000,37.04586,-116.02767,13.4
USA,-254361600000,32.26360,-103.86580,3
USA,-254102400000,37.12661,-116.04875,0.5
USA,-253756800000,37.04317,-116.02531,20
USA,-253324800000,37.19494,-116.20828,0.15
USA,-251769600000,37.04464,-116.03506,5.1
USA,-250992000000,37.04725,-116.03436,6.4
USA,-249955200000,37.04683,-116.03947,10
USA,-249177600000,37.12725,-116.05267,3.07
USA,-249091200000,37.04358,-116.03894,7.1
USA,-248572800000,37.22500,-116.05800,5.7
USA,-248227200000,37.04906,-116.02953,1.9
USA,-248227200000,37.12744,-116.03711,2
USA,-247881600000,37.12886,-116.04831,11.9
USA,-247795200000,37.04833,-116.03192,20
USA,-247017600000,37.11110,-116.36490,0.43
USA,-246931200000,37.04839,-116.03367,20
USA,-246758400000,37.12217,-116.04889,8.4
USA,-246153600000,37.04397,-116.03103,8
USA,-245030400000,37.12431,-116.03389,3.4
USA,-244771200000,37.04692,-116.03689,2
USA,-244339200000,37.04450,-116.02353,10.6
USA,-244252800000,37.11767,-116.04400,9
USA,-243734400000,37.12717,-116.04486,1
USA,-243561600000,37.22203,-116.15744,1.85
USA,-242956800000,37.11900,-116.03150,3
USA,-242611200000,1.60000,-157.30000,190
USA,-242438400000,1.60000,-157.30000,410
USA,-242438400000,37.11844,-116.03778,5
USA,-242006400000,1.60000,-157.30000,1090
USA,-241833600000,1.60000,-157.30000,670
USA,-241660800000,4.83330,-149.41670,600
USA,-241574400000,37.04656,-116.02500,8
USA,-241488000000,1.60000,-157.30000,100
USA,-241401600000,1.60000,-157.30000,100
USA,-241315200000,37.12759,-116.04830,20
USA,-241228800000,1.60000,-157.30000,50
USA,-241228800000,31.24500,-124.21170,20
USA,-241142400000,1.60000,-157.30000,500
USA,-241142400000,37.06519,-116.03039,40
USA,-240969600000,1.60000,-157.30000,97
USA,-240537600000,37.12483,-116.05200,4.5
USA,-240537600000,1.60000,-157.30000,73
USA,-240019200000,37.12483,-116.05200,8
USA,-240019200000,1.60000,-157.30000,2.6
USA,-239846400000,1.60000,-157.30000,43
USA,-239414400000,37.04561,-116.03447,3
USA,-238982400000,37.04572,-116.03928,13
USA,-238809600000,1.50000,-157.20000,782
USA,-238723200000,1.60000,-157.30000,210
USA,-238636800000,1.50000,-157.20000,3000
USA,-238464000000,1.50000,-157.20000,1200
USA,-238377600000,37.22222,-116.16214,2.9
USA,-238204800000,1.50000,-157.20000,800
USA,-238032000000,1.60000,-157.30000,52
USA,-237859200000,1.60000,-157.30000,2.2
USA,-237686400000,37.04306,-116.03025,11
USA,-237600000000,1.60000,-157.30000,81.5
USA,-237168000000,1.30000,-157.30000,7650
USA,-237168000000,37.04158,-116.03525,67
USA,-237081600000,37.00911,-116.20106,20
USA,-236908800000,1.50000,-157.30000,1270
USA,-236908800000,37.11742,-116.04742,4
USA,-236390400000,37.17700,-116.04540,104
USA,-236304000000,37.12000,-116.30000,20
USA,-236131200000,17.20000,-169.10000,1400
USA,-236044800000,1.60000,-157.30000,1000
USA,-235958400000,1.40000,-157.30000,3880
USA,-235958400000,37.12240,-116.33300,0.5
USA,-235785600000,37.05506,-116.03339,20
USA,-235699200000,36.80000,-115.95000,0.6
USA,-235440000000,37.11000,-116.31000,20
USA,-234576000000,37.12972,-116.05647,3.5
USA,-232156800000,37.11864,-116.03947,5
USA,-232156800000,37.04614,-116.02383,2.5
USA,-231033600000,37.13031,-116.04474,2
USA,-230342400000,37.04394,-116.02111,5
USA,-229824000000,37.05506,-116.02928,11
USA,-229046400000,37.11670,-116.03280,1
USA,-228787200000,14.00000,-172.00000,75
USA,-228528000000,37.13942,-116.05033,115
USA,-228441600000,15.00000,-169.00000,11.3
USA,-227923200000,37.12275,-116.05081,7
USA,-227923200000,37.04878,-116.03256,20
USA,-227404800000,14.00000,-169.00000,1590
USA,-227404800000,37.12855,-116.04024,20
USA,-227318400000,37.03953,-116.02114,12.5
USA,-227232000000,16.00000,-169.50000,20
USA,-226713600000,16.90000,-169.20000,400
USA,-226627200000,37.14931,-116.05350,5
USA,-226627200000,15.00000,-169.00000,800
USA,-226368000000,13.50000,-172.00000,8300
USA,-226195200000,16.60000,-169.40000,400
USA,-225936000000,17.10000,-169.10000,20
USA,-225504000000,37.16382,-116.07329,20
USA,-224985600000,37.04175,-116.02387,20
USA,-223948800000,37.12281,-116.02900,5.2
USA,-223344000000,37.12808,-116.05001,20
USA,-222652800000,37.16867,-116.20608,20
USA,-222652800000,37.04611,-116.01561,11
USA,-222480000000,37.12424,-116.03996,20
USA,-217641600000,37.14886,-116.05189,6
USA,-217641600000,37.12596,-116.03865,20
USA,-217641600000,37.05834,-116.02926,20
USA,-217641600000,37.04614,-116.02108,9
USA,-217036800000,37.04901,-116.03175,20
USA,-216518400000,37.12031,-116.04572,3
USA,-216518400000,37.15481,-116.07989,20
USA,-215827200000,37.04457,-116.02650,20
USA,-214617600000,37.12583,-116.04478,20
USA,-213408000000,37.04172,-116.01839,11
USA,-212803200000,37.03733,-116.02392,7
USA,-212371200000,37.04881,-116.03031,20
USA,-212284800000,37.15668,-116.07096,6
USA,-211161600000,37.12060,-116.03628,20
USA,-211161600000,37.12053,-116.03618,20
USA,-209865600000,37.04940,-116.01559,8
USA,-209347200000,37.20000,-116.10000,0
USA,-209174400000,37.04391,-116.03236,20
USA,-209174400000,37.04834,-116.01563,20
USA,-208742400000,37.11106,-116.03906,20
USA,-208483200000,37.20000,-116.10000,0
USA,-208137600000,37.12807,-116.04246,2
USA,-207964800000,37.15400,-116.07700,0
USA,-207532800000,37.19658,-116.20917,3.1
USA,-207446400000,37.04503,-116.03636,3
USA,-207446400000,37.12465,-116.03998,20
USA,-207187200000,37.20000,-116.10000,0
USA,-206755200000,37.04611,-116.01836,3
USA,-205804800000,37.13140,-116.06806,4
USA,-201657600000,37.04169,-116.01564,8
USA,-201398400000,37.15408,-116.07664,3
USA,-200707200000,37.12497,-116.03539,20
USA,-200707200000,37.12500,-116.03600,20
USA,-198892800000,37.16336,-116.08064,1
USA,-198892800000,37.06042,-116.02167,249
USA,-197683200000,37.03731,-116.01569,0.08
USA,-197683200000,37.15478,-116.07336,0.08
USA,-196473600000,37.03733,-116.02117,8
USA,-196473600000,37.11872,-116.03386,0.38
USA,-196041600000,37.19817,-116.22950,60
USA,-195955200000,37.13081,-116.06696,20
USA,-195177600000,39.20020,-118.38030,12
USA,-193536000000,37.03953,-116.01842,9
USA,-193449600000,37.13231,-116.04689,2
USA,-192844800000,37.11933,-116.04517,20
USA,-191808000000,37.04400,-116.01300,20
USA,-191808000000,37.03958,-116.02939,8
USA,-191116800000,37.13103,-116.04389,5.3
USA,-190425600000,37.05279,-116.03338,20
USA,-188092800000,37.14228,-116.04911,38
USA,-187488000000,37.12642,-116.03633,10.5
USA,-186883200000,37.13621,-116.07066,2
USA,-185760000000,37.05661,-116.02924,20
USA,-185673600000,37.13202,-116.03234,1.5
USA,-185241600000,37.05938,-116.03332,5
USA,-185241600000,37.09563,-116.05072,20
USA,-185068800000,37.15089,-116.04011,70
USA,-183254400000,37.12993,-116.03634,0.2
USA,-183168000000,37.05047,-116.01147,2
USA,-180403200000,37.12892,-116.02983,3
USA,-180316800000,37.04392,-116.01836,2
USA,-180144000000,37.11949,-116.03389,20
USA,-179539200000,37.14958,-116.05539,38
USA,-179107200000,37.03956,-116.02664,15
USA,-178416000000,37.12026,-116.04029,20
USA,-177811200000,37.11733,-116.03894,8
USA,-177724800000,37.04169,-116.01222,6
USA,-175392000000,37.14861,-116.07600,3
USA,-175305600000,37.03894,-116.01225,0.5
USA,-174787200000,37.16599,-116.03841,0.15
USA,-174182400000,37.11114,-116.02878,6
USA,-173750400000,37.17442,-116.05639,11.7
USA,-172368000000,37.18219,-116.04536,20
USA,-171763200000,37.11376,-116.03201,20
USA,-171676800000,37.04608,-116.01219,20
USA,-169430400000,37.15900,-116.08308,4.4
USA,-169171200000,37.06533,-116.01544,18
USA,-168739200000,37.11736,-116.04066,20
USA,-168652800000,37.06703,-116.02228,20
USA,-168048000000,37.01758,-116.02269,12
USA,-167443200000,37.11400,-116.02500,0.2
USA,-165628800000,37.07792,-116.00850,12
USA,-165024000000,37.15133,-116.07700,38
USA,-164419200000,37.03950,-116.01567,7
USA,-164419200000,37.03300,-116.02600,20
USA,-163900800000,31.14210,-89.56990,5.3
USA,-163814400000,37.11703,-116.03115,20
USA,-163123200000,37.10722,-116.03225,20
USA,-162691200000,37.17436,-116.06703,12
USA,-160099200000,37.11442,-116.05344,20
USA,-160099200000,37.13428,-116.06975,3.4
USA,-160099200000,37.13428,-116.06975,20
USA,-159148800000,37.03483,-116.01228,1.3
USA,-159148800000,37.03956,-116.02389,20
USA,-159148800000,37.04800,-116.03400,20
USA,-159148800000,37.17781,-116.06700,2.7
USA,-158976000000,37.08250,-116.34250,0.092
USA,-156643200000,37.11900,-116.02478,7
USA,-155347200000,37.04499,-116.01323,0.5
USA,-154828800000,37.13075,-116.06158,4
USA,-154137600000,37.16453,-116.07656,0.33
USA,-153792000000,37.05164,-116.02381,10.1
USA,-153619200000,36.81700,-115.95000,5
USA,-153532800000,37.11728,-116.03098,20
USA,-152496000000,37.06450,-116.03719,51
USA,-151027200000,37.11543,-116.02649,0.2
USA,-150508800000,37.14761,-116.04289,38
USA,-149644800000,37.02581,-116.02264,7
USA,-148867200000,37.28039,-116.52356,4.3
USA,-148262400000,37.00800,-116.20300,20
USA,-148176000000,37.11142,-116.03049,1
USA,-148089600000,37.01742,-115.99533,0.6
USA,-146880000000,37.14036,-116.06664,7
USA,-146448000000,37.24270,-116.43090,20
USA,-146275200000,36.82338,-115.96684,0.75
USA,-146275200000,37.05883,-116.01053,12
USA,-145670400000,37.11856,-116.02769,15
USA,-143856000000,37.04281,-116.01703,1.3
USA,-143856000000,37.11578,-116.02326,0.5
USA,-143424000000,36.81806,-115.95606,4
USA,-143337600000,37.22342,-116.05697,20
USA,-140832000000,37.11500,-116.03217,20
USA,-140313600000,37.13179,-116.06686,20
USA,-140227200000,37.09786,-116.03300,67
USA,-139017600000,37.01767,-116.03983,18
USA,-137721600000,37.11263,-116.02602,0.25
USA,-137203200000,37.13731,-116.07008,1
USA,-136771200000,37.03700,-116.01500,2.5
USA,-136771200000,37.02300,-116.00897,9
USA,-135388800000,37.11103,-116.03461,6
USA,-131760000000,51.43810,179.18260,80
USA,-130550400000,37.04997,-116.02208,7
USA,-129600000000,37.16189,-116.07092,0.5
USA,-128736000000,37.16475,-116.05233,120
USA,-127612800000,37.14084,-116.06318,3
USA,-127612800000,37.07260,-116.02910,51
USA,-125193600000,37.11622,-116.02753,20
USA,-124761600000,37.09169,-116.01869,38
USA,-124761600000,37.03733,-116.01843,4
USA,-124502400000,37.03172,-116.01575,7
USA,-124416000000,37.15721,-116.03869,0.15
USA,-123379200000,37.12631,-116.06947,3.5
USA,-121564800000,37.27183,-116.43383,19
USA,-120787200000,37.17450,-116.20836,2
USA,-120614400000,37.03739,-116.02939,5
USA,-120614400000,37.03500,-116.03200,20
USA,-120182400000,37.14367,-116.05253,3
USA,-119664000000,37.00925,-116.00908,7
USA,-119145600000,37.11333,-116.03136,0.37
USA,-118454400000,37.10269,-116.01994,20
USA,-118022400000,37.13953,-116.14086,5
USA,-117936000000,37.01742,-115.99222,6
USA,-117331200000,37.24267,-116.43086,70
USA,-116553600000,37.16054,-116.08287,1.4
USA,-116380800000,36.88744,-115.94072,5
USA,-116035200000,37.04367,-116.02249,20
USA,-115603200000,37.13706,-116.13714,20
USA,-115516800000,37.05061,-116.03786,12
USA,-115430400000,37.34800,-116.32194,73
USA,-114912000000,37.13428,-116.07111,10
USA,-114825600000,37.08686,-116.03344,120
USA,-114307200000,37.11114,-116.05792,200
USA,-113616000000,37.17839,-116.09775,22
USA,-113097600000,37.22710,-116.05550,62
USA,-113011200000,37.06840,-116.03530,160
USA,-112406400000,37.05942,-116.03881,20
USA,-111974400000,37.00970,-116.20240,20
USA,-111974400000,37.17153,-116.04886,200
USA,-111110400000,37.15531,-116.07217,25
USA,-110678400000,37.31581,-116.29897,365
USA,-108259200000,37.14033,-116.09886,1.2
USA,-107136000000,37.16867,-116.04772,1
USA,-106963200000,37.04631,-116.02932,20
USA,-104284800000,36.87694,-115.95061,7.8
USA,-103334400000,37.02094,-116.03639,20
USA,-102816000000,37.16867,-116.04606,4
USA,-101433600000,37.04707,-116.01698,20
USA,-99619200000,37.16994,-116.04722,2.3
USA,-99100800000,37.13444,-116.04983,5
USA,-98496000000,37.04278,-116.01033,7
USA,-98150400000,37.16938,-116.04831,20
USA,-97200000000,31.14210,-89.56990,0.38
USA,-96336000000,37.03479,-116.00680,1
USA,-96336000000,36.87725,-115.93789,7
USA,-95731200000,37.30206,-116.40831,870
USA,-93225600000,37.16512,-116.04655,0.15
USA,-93139200000,37.14367,-116.13519,39
USA,-93052800000,37.09986,-116.00383,41
USA,-92534400000,37.16480,-116.04806,0.8
USA,-91411200000,37.16753,-116.04714,11
USA,-90115200000,37.01753,-116.01586,4
USA,-90115200000,37.12686,-116.06639,200
USA,-89510400000,37.16586,-116.04869,2.5
USA,-89424000000,37.03948,-116.01019,0.6
USA,-88819200000,37.04613,-116.02978,20
USA,-86659200000,37.16198,-116.08223,20
USA,-86486400000,37.13733,-116.13268,20
USA,-86400000000,37.05439,-116.02222,1
USA,-85190400000,37.01928,-116.03742,7
USA,-84672000000,37.13878,-116.06319,0.8
USA,-83548800000,37.07786,-115.99531,22
USA,-82684800000,37.13039,-116.06394,250
USA,-82425600000,37.27508,-116.36997,155
USA,-82166400000,37.04502,-116.01905,20
USA,-82166400000,37.24794,-116.48017,76
USA,-79833600000,37.12556,-116.02867,3.1
USA,-79488000000,37.20211,-116.20783,20
USA,-79228800000,37.02856,-116.02261,10
USA,-77932800000,37.16525,-116.04493,20
USA,-76809600000,37.14872,-116.04853,22
USA,-76118400000,37.02439,-116.01237,1.5
USA,-75600000000,37.15669,-116.04728,20
USA,-74908800000,37.01217,-116.03647,18
USA,-74390400000,37.16273,-116.07416,0.8
USA,-73785600000,37.17756,-116.20894,20
USA,-73180800000,37.15317,-116.05278,22
USA,-72489600000,37.03487,-116.02085,20
USA,-71971200000,37.16600,-116.03842,2.2
USA,-71452800000,37.09878,-116.05322,160
USA,-69638400000,37.11558,-116.05761,160
USA,-69033600000,37.03161,-116.02636,9
USA,-69033600000,37.04980,-116.03958,20
USA,-69033600000,37.15634,-116.04859,20
USA,-67824000000,37.09181,-116.03581,20
USA,-65404800000,37.15927,-116.05295,0.2
USA,-65059200000,36.67780,-107.20830,29
USA,-64627200000,37.03669,-116.00200,2
USA,-61689600000,37.14558,-116.06567,7.4
USA,-61603200000,37.15640,-116.05390,50
USA,-61603200000,38.63430,-116.21530,1000
USA,-61171200000,37.04279,-116.01393,20
USA,-60998400000,37.28086,-116.51444,2.3
USA,-60566400000,37.00102,-116.00915,4
USA,-58752000000,37.04163,-116.00195,20
USA,-58752000000,37.11656,-116.05369,200
USA,-58060800000,37.18461,-116.21144,20
USA,-57628800000,36.96992,-116.05580,20
USA,-57024000000,37.00750,-116.36997,1.08
USA,-57024000000,37.00764,-116.37045,1.08
USA,-57024000000,37.00778,-116.37093,1.08
USA,-57024000000,37.00793,-116.37141,1.08
USA,-57024000000,37.00808,-116.37189,1.08
USA,-56851200000,37.04772,-116.01081,1.5
USA,-56160000000,37.33261,-116.31067,120
USA,-55900800000,36.87172,-115.93114,10
USA,-55036800000,37.05231,-116.02088,20
USA,-54518400000,37.15439,-116.07886,20
USA,-54518400000,37.15700,-116.08300,2
USA,-53827200000,37.15253,-116.03700,20
USA,-53395200000,37.33772,-116.37558,6
USA,-53136000000,37.29542,-116.45569,1300
USA,-52531200000,37.02854,-116.01988,2
USA,-52099200000,37.15733,-116.03492,1
USA,-51321600000,37.12006,-116.05883,20
USA,-50371200000,37.00863,-115.99539,20
USA,-49680000000,37.03484,-116.01606,1.5
USA,-49593600000,37.16700,-116.04300,20
USA,-49593600000,37.16500,-116.04400,20
USA,-49593600000,37.16500,-116.04200,20
USA,-49593600000,37.16700,-116.04600,20
USA,-49593600000,37.16700,-116.04300,20
USA,-48816000000,37.26492,-116.31464,200
USA,-47952000000,37.04635,-116.03021,20
USA,-47952000000,37.04158,-115.99235,20
USA,-47692800000,37.24550,-116.48286,58
USA,-46051200000,37.00096,-115.99888,1.5
USA,-44928000000,37.13322,-116.08225,20
USA,-44064000000,37.16179,-116.07719,0.35
USA,-43545600000,37.12373,-116.04822,1
USA,-42508800000,36.87722,-115.93108,9
USA,-42336000000,37.25033,-116.34689,200
USA,-41644800000,37.13606,-116.04717,120
USA,-41126400000,37.03178,-116.01164,20
USA,-40694400000,37.11986,-116.12747,31
USA,-40089600000,37.20480,-116.20640,20
USA,-39312000000,37.04653,-116.02974,20
USA,-39312000000,37.02592,-115.99283,3
USA,-38707200000,37.13331,-116.04231,1
USA,-37065600000,37.11326,-116.04093,0.25
USA,-36892800000,37.04703,-116.02947,1
USA,-36892800000,37.04703,-116.02947,20
USA,-36892800000,37.01709,-116.03573,7
USA,-36547200000,37.13048,-116.08651,22
USA,-36547200000,37.13000,-116.08700,20
USA,-36547200000,37.13000,-116.08700,20
USA,-35596800000,37.04766,-115.99984,1
USA,-35596800000,37.02614,-116.03325,8
USA,-35164800000,37.00983,-116.20642,16
USA,-34992000000,37.13992,-116.04225,3
USA,-33609600000,37.34342,-116.56586,30
USA,-33264000000,37.04704,-116.03020,20
USA,-33264000000,37.12082,-116.08056,20
USA,-33264000000,37.11800,-116.08000,3
USA,-33264000000,37.11800,-116.07800,2
USA,-33264000000,37.12100,-116.07900,1
USA,-33264000000,37.12000,-116.07700,3
USA,-33264000000,37.11900,-116.08300,4
USA,-33264000000,37.00393,-116.03926,1
USA,-32659200000,37.23147,-116.47358,1150
USA,-30326400000,37.14792,-116.06567,10
USA,-30326400000,37.20914,-116.22539,40
USA,-29721600000,37.01549,-115.99430,2
USA,-29030400000,37.05331,-116.02925,20
USA,-29030400000,37.13331,-116.04026,20
USA,-28598400000,37.00267,-116.00914,20
USA,-28598400000,37.00944,-116.04230,0.6
USA,-27907200000,37.16906,-116.21072,15
USA,-24969600000,37.13914,-116.04084,20
USA,-24969600000,37.16228,-116.07588,0.8
USA,-24796800000,37.02200,-116.03019,10
USA,-24710400000,37.13322,-116.08667,26
USA,-21772800000,37.16397,-116.07964,0.8
USA,-21772800000,37.16000,-116.08200,20
USA,-21254400000,37.09028,-116.00564,38
USA,-21254400000,37.08150,-116.01394,51
USA,-20649600000,37.28289,-116.50064,90
USA,-19958400000,37.01187,-115.98508,2
USA,-18921600000,37.01499,-116.00218,20
USA,-18921600000,37.01500,-116.00100,20
USA,-18921600000,37.07511,-115.99531,22
USA,-17539200000,37.00883,-116.03031,10
USA,-16329600000,37.16248,-116.07862,2
USA,-16329600000,37.16100,-116.08000,3
USA,-14601600000,37.11943,-116.05512,20
USA,-14601600000,37.13953,-116.08744,120
USA,-12096000000,37.16024,-116.06361,1
USA,-12096000000,37.15800,-116.06500,1
USA,-10972800000,37.02150,-116.03808,10
USA,-10972800000,36.99270,-115.99553,20
USA,-9763200000,39.40580,-107.94810,40
USA,-9590400000,36.87722,-115.92850,5
USA,-9244800000,37.31414,-116.46067,800
USA,-8899200000,37.15900,-116.06900,0.8
USA,-8899200000,37.15700,-116.06700,1
USA,-7948800000,37.01051,-115.99957,20
USA,-7948800000,37.01000,-116.00000,20
USA,-7948800000,37.01400,-115.99900,20
USA,-7862400000,51.41710,179.18230,1000
USA,-7344000000,37.25672,-116.44075,200
USA,-6652800000,37.01277,-115.99826,20
USA,-5529600000,37.12150,-116.12775,11
USA,-5529600000,37.14021,-116.13050,16.7
USA,-5529600000,37.14000,-116.14300,0
USA,-5529600000,37.13600,-116.14100,0
USA,-5529600000,37.13500,-116.13700,0
USA,-5529600000,37.14331,-116.06383,110
USA,-4233600000,37.16463,-116.07483,1.7
USA,-3542400000,37.03119,-116.00206,22
USA,-3542400000,37.04816,-116.02273,20
USA,-2332800000,37.17997,-116.21086,20
USA,-1900800000,37.01472,-116.00287,20
USA,-1900800000,37.01500,-116.00200,20
USA,-1900800000,37.16800,-116.08000,2.5
USA,-1900800000,37.16900,-116.08000,2
USA,-1900800000,37.16800,-116.07800,2
USA,-1900800000,37.16900,-116.07800,3
USA,-1296000000,37.08381,-116.00158,89
USA,-1296000000,37.00658,-116.02281,16
USA,-1209600000,37.12047,-116.03478,38
USA,-1209600000,37.12100,-116.02900,200
USA,1900800000,37.14100,-116.03800,8
USA,1900800000,37.13742,-116.03678,20
USA,1900800000,37.14100,-116.03400,20
USA,2505600000,37.03083,-116.03475,20
USA,2937600000,37.09808,-116.02650,120
USA,2937600000,37.05502,-116.03884,97
USA,3024000000,37.16397,-116.03883,25
USA,3542400000,37.20128,-116.20522,12
USA,4752000000,37.03667,-115.99958,51
USA,4838400000,37.11636,-116.06144,70
USA,4838400000,37.11400,-116.06700,20
USA,4838400000,37.11800,-116.06700,30
USA,5529600000,37.02311,-116.09175,8.7
USA,5529600000,37.14000,-116.03200,3.5
USA,5529600000,37.14200,-116.03500,20
USA,5529600000,37.14000,-116.03800,20
USA,6652800000,37.00108,-116.02286,6
USA,6998400000,37.08622,-116.02111,89
USA,7257600000,37.30047,-116.53411,1900
USA,9504000000,37.05489,-115.98811,12.7
USA,9504000000,37.11200,-116.08300,20
USA,9504000000,37.11558,-116.08011,20
USA,10368000000,37.05922,-116.02817,1
USA,10368000000,37.13800,-116.03200,20
USA,10368000000,37.13600,-116.03500,9
USA,10368000000,37.13300,-116.03408,4
USA,10713600000,37.21653,-116.18406,20
USA,11318400000,37.01044,-116.20189,20
USA,11577600000,37.16600,-116.03600,45
USA,11577600000,37.16192,-116.03886,40
USA,12096000000,37.02886,-115.99194,1
USA,12096000000,37.07081,-116.01300,29
USA,12528000000,37.18260,-116.21340,9
USA,12528000000,37.11300,-116.06300,105
USA,12528000000,37.11800,-116.06400,0.09
USA,12528000000,37.11619,-116.06670,0.035
USA,12700800000,37.13847,-116.02992,2.5
USA,12700800000,37.14398,-116.03262,0.8
USA,12700800000,37.14100,-116.03500,20
USA,15206400000,37.11392,-116.08614,3.5
USA,15206400000,37.11700,-116.08500,2
USA,24624000000,37.13745,-116.03404,1
USA,24624000000,37.13400,-116.03200,2
USA,24624000000,37.13700,-116.03200,20
USA,24710400000,37.07070,-116.00510,89
USA,25920000000,37.01400,-116.01900,20
USA,25920000000,37.01400,-116.01800,20
USA,25920000000,37.01500,-116.02000,8
USA,26611200000,37.02947,-116.01181,20
USA,27820800000,37.01479,-116.01588,2
USA,29030400000,37.00600,-116.04100,20
USA,29030400000,37.00200,-116.03791,0.1
USA,30153600000,37.07252,-116.02499,20
USA,30153600000,37.10017,-116.00794,45
USA,30153600000,37.14200,-116.04000,20
USA,30153600000,37.13700,-116.03900,20
USA,30153600000,37.13400,-116.03600,20
USA,30153600000,37.14289,-116.03400,20
USA,30240000000,37.12914,-116.08300,220
USA,30326400000,37.17314,-116.09886,10
USA,45878400000,37.03317,-116.01367,18
USA,46483200000,37.01321,-116.01642,20
USA,46483200000,37.02197,-116.02267,20
USA,46569600000,37.14669,-116.06683,38
USA,47001600000,37.17678,-116.21149,20
USA,47174400000,37.01153,-116.20339,20
USA,47779200000,37.11011,-116.05142,83
USA,47865600000,37.16445,-116.03273,0.25
USA,48902400000,37.01438,-115.99193,0.25
USA,50112000000,37.02607,-116.01956,20
USA,50198400000,37.14500,-116.03400,20
USA,50198400000,37.14100,-116.03200,20
USA,50284800000,37.13853,-116.04090,20
USA,51321600000,37.05719,-116.03633,67
USA,54345600000,37.02200,-116.02000,0.5
USA,54345600000,37.02300,-116.01700,20
USA,54345600000,37.02400,-116.01600,20
USA,54345600000,37.02200,-116.01700,20
USA,54950400000,37.01103,-116.00733,4
USA,54950400000,37.12448,-116.08698,20
USA,55728000000,37.11378,-116.03733,7
USA,56246400000,37.17978,-116.05309,5
USA,58233600000,51.47190,179.10690,4800
USA,59788800000,36.87922,-115.93469,4
USA,60307200000,37.16045,-116.07023,10
USA,61516800000,37.12394,-116.08956,24
USA,61516800000,37.02585,-116.02915,11
USA,61516800000,37.02325,-116.05863,5
USA,63417600000,37.04566,-116.02954,20
USA,65923200000,37.00108,-116.01943,2
USA,67132800000,37.16570,-116.05624,3.5
USA,70156800000,37.11305,-116.08082,4
USA,70761600000,37.00400,-116.01600,20
USA,70761600000,37.00547,-116.02008,8
USA,72489600000,37.12194,-116.08383,8
USA,72489600000,37.00661,-116.01661,20
USA,73612800000,37.20770,-116.20880,19
USA,74390400000,37.11249,-116.08450,0.5
USA,74908800000,37.12056,-116.08789,8
USA,75081600000,37.06469,-116.00175,12
USA,76723200000,37.11589,-116.08533,0.8
USA,78537600000,36.99296,-116.09063,0.6
USA,78537600000,37.06959,-115.99211,20
USA,78537600000,37.13520,-116.03527,6
USA,80438400000,37.21453,-116.18336,21
USA,80870400000,37.01249,-116.01505,1.5
USA,82166400000,37.00700,-116.02000,20
USA,82166400000,37.00375,-116.01906,20
USA,82166400000,37.00300,-116.01800,20
USA,85881600000,37.08206,-116.03656,160
USA,86313600000,37.12136,-116.08572,15
USA,90115200000,37.16204,-116.03316,0.6
USA,90115200000,37.12144,-116.03233,0.6
USA,90806400000,37.14000,-116.03300,20
USA,90806400000,37.14000,-116.03300,20
USA,92966400000,37.03130,-116.02123,0.2
USA,93139200000,37.13809,-116.03473,20
USA,93744000000,37.13990,-116.08330,20
USA,93744000000,37.13994,-116.08325,200
USA,93744000000,37.13994,-116.08325,20
USA,98496000000,37.14709,-116.05009,20
USA,100396800000,37.10358,-116.02672,67
USA,101692800000,37.11727,-116.08703,0.2
USA,102816000000,37.17788,-116.05389,20
USA,104544000000,37.00483,-116.02844,9
USA,104544000000,36.99400,-116.02200,8
USA,104630400000,37.01215,-116.01997,0.5
USA,104630400000,37.12306,-116.05850,90
USA,105753600000,37.00627,-116.01608,20
USA,106444800000,39.79300,-108.36800,33
USA,106444800000,39.79300,-108.36700,33
USA,106444800000,39.79300,-108.36800,33
USA,107049600000,37.07805,-116.03077,15
USA,107049600000,37.16223,-116.05597,2
USA,108086400000,37.18503,-116.21511,18
USA,108172800000,37.24510,-116.34600,250
USA,109468800000,37.09204,-116.02723,58
USA,110073600000,37.14842,-116.08586,24
USA,110073600000,37.11491,-116.04092,0.005
USA,118368000000,37.15879,-116.07299,20
USA,118368000000,37.15391,-116.06771,1
USA,119232000000,37.20039,-116.20317,8
USA,123292800000,37.01099,-116.02448,5
USA,124502400000,36.99149,-116.02413,5
USA,124588800000,37.16140,-116.07305,20
USA,125107200000,37.00577,-116.01889,20
USA,125107200000,37.00114,-116.03141,0.3
USA,127008000000,37.17400,-116.05200,20
USA,127008000000,37.17400,-116.05200,20
USA,127008000000,37.17400,-116.05200,20
USA,131155200000,37.10426,-116.05284,150
USA,132451200000,37.15513,-116.06409,20
USA,134956800000,37.01494,-116.04414,20
USA,135907200000,37.15997,-116.07641,0.5
USA,136598400000,37.03110,-115.98560,20
USA,137203200000,37.00098,-116.00162,20
USA,138412800000,37.11481,-116.07470,2.5
USA,139708800000,37.00384,-116.02351,4
USA,140832000000,37.21031,-116.20726,20
USA,142646400000,37.07503,-116.03182,150
USA,143337600000,37.11900,-116.08600,2
USA,143337600000,37.11900,-116.08600,20
USA,145670400000,37.02341,-116.03636,5
USA,147052800000,37.15248,-116.08333,160
USA,149299200000,37.01212,-116.03029,5
USA,149385600000,37.09321,-116.09476,0.2
USA,149385600000,37.13263,-116.06839,100
USA,151200000000,37.03973,-116.04819,20
USA,152150400000,37.20113,-116.20394,20
USA,152582400000,37.09319,-116.09167,20
USA,154656000000,37.00103,-116.01121,20
USA,156384000000,37.01130,-116.01763,4
USA,160876800000,37.17841,-116.05156,0.35
USA,160876800000,37.17841,-116.05156,20
USA,160876800000,37.11412,-116.02104,6
USA,162000000000,37.00220,-116.02456,20
USA,162777600000,37.10620,-116.05625,160
USA,163382400000,37.13401,-116.08424,89
USA,165888000000,37.18792,-116.21388,20
USA,167529600000,37.11567,-116.08739,20
USA,168048000000,37.10886,-116.02880,38
USA,169257600000,37.22078,-116.47416,380
USA,170985600000,37.34010,-116.52290,200
USA,170985600000,37.09483,-116.03611,140
USA,171676800000,37.11178,-116.07370,20
USA,172281600000,37.06564,-116.02196,20
USA,172368000000,37.35035,-116.32022,520
USA,172972800000,37.27893,-116.36858,750
USA,179193600000,37.02365,-116.02831,7
USA,183340800000,37.22164,-116.17969,15
USA,183686400000,37.29005,-116.41155,1000
USA,185500800000,37.02031,-116.02063,5
USA,185673600000,37.22496,-116.36756,500
USA,186192000000,37.11726,-116.01888,5
USA,188265600000,37.12765,-116.06157,160
USA,189475200000,37.29655,-116.33319,800
USA,192240000000,37.06926,-116.03016,150
USA,192240000000,37.10659,-116.03742,160
USA,192931200000,37.27141,-116.48844,900
USA,193104000000,37.24264,-116.42021,350
USA,194140800000,37.02852,-116.01577,2.5
USA,195177600000,37.30996,-116.36422,350
USA,195609600000,37.30599,-116.47148,800
USA,195868800000,37.25589,-116.32858,500
USA,195868800000,37.10728,-116.05248,210
USA,200707200000,37.20910,-116.21250,20
USA,201398400000,37.13720,-116.06658,0.6
USA,207273600000,37.07537,-116.04382,58
USA,213408000000,37.13456,-116.06228,0.6
USA,216432000000,37.03595,-116.01742,20
USA,217555200000,37.17171,-116.05267,2
USA,218851200000,37.07926,-116.00162,20
USA,219974400000,37.12391,-116.06746,11
USA,219974400000,37.15190,-116.06343,20
USA,220579200000,37.10049,-116.03646,89
USA,224899200000,37.00700,-116.03200,3
USA,224899200000,37.01349,-116.02857,8
USA,226627200000,37.17619,-116.05295,0.8
USA,226627200000,37.17619,-116.05295,20
USA,229046400000,37.12023,-116.06228,140
USA,230947200000,37.09479,-116.02788,67
USA,233366400000,37.09433,-116.04486,51
USA,234057600000,37.05494,-116.02496,20
USA,238896000000,37.09758,-116.10397,0.6
USA,239500800000,37.08657,-116.00687,44
USA,240537600000,37.14516,-116.04909,20
USA,240537600000,37.14516,-116.04909,0.6
USA,240537600000,37.14672,-116.06311,1.5
USA,240796800000,37.01762,-116.03161,0.2
USA,240796800000,37.11003,-116.05451,120
USA,243129600000,37.03279,-116.04314,6
USA,244166400000,37.15117,-116.06756,20
USA,246672000000,37.00760,-116.01670,5
USA,247190400000,37.18780,-116.21300,10
USA,247881600000,37.07211,-116.05001,150
USA,248572800000,37.02061,-116.02508,10
USA,250905600000,37.01755,-116.01791,0.8
USA,250905600000,37.13587,-116.08603,150
USA,256176000000,37.12612,-116.03174,0.8
USA,257040000000,37.12368,-116.06383,120
USA,258854400000,37.08517,-116.08162,1.5
USA,259459200000,37.09886,-116.01962,20
USA,259459200000,37.10180,-116.05110,120
USA,261100800000,37.23349,-116.36847,100
USA,262310400000,37.15457,-116.03476,20
USA,263606400000,37.08778,-116.05263,0
USA,265507200000,37.02065,-116.03193,0.6
USA,268617600000,37.11179,-116.07713,1.5
USA,269049600000,37.07870,-116.04380,99
USA,273369600000,37.27593,-116.35734,140
USA,274492800000,37.20880,-116.21080,8
USA,275702400000,37.17101,-116.08716,0.25
USA,275702400000,37.17101,-116.08716,20
USA,275702400000,37.07387,-116.01983,25
USA,275702400000,37.07980,-116.05132,150
USA,278812800000,37.28794,-116.29749,2.5
USA,281318400000,37.02967,-116.02413,0.6
USA,282614400000,37.27339,-116.41028,140
USA,285984000000,37.10540,-116.01170,6
USA,287280000000,37.10248,-116.05484,89
USA,287884800000,37.15201,-116.07184,20
USA,290217600000,37.02783,-116.03975,5
USA,295228800000,36.99818,-116.01774,5
USA,297907200000,37.28969,-116.45525,100
USA,298684800000,37.10763,-116.01509,1.5
USA,299376000000,37.14330,-116.08752,22
USA,302486400000,37.08395,-116.06989,20
USA,302918400000,37.01475,-116.00801,20
USA,305424000000,37.08811,-116.05278,140
USA,305596800000,37.15500,-116.03900,5
USA,307152000000,37.22906,-116.36405,140
USA,312681600000,36.99396,-116.02411,0.8
USA,313977600000,37.13737,-116.06307,20
USA,320544000000,37.12655,-116.08851,5
USA,321321600000,37.17994,-116.08311,1
USA,323568000000,37.14988,-116.08226,20
USA,324691200000,37.10112,-116.03053,89
USA,326073600000,37.05601,-116.01895,6
USA,327801600000,37.00306,-116.03139,20
USA,329616000000,37.28166,-116.45385,140
USA,330652800000,37.02330,-116.03410,6
USA,333331200000,37.25633,-116.47740,140
USA,333849600000,37.01304,-116.02275,3.5
USA,338688000000,37.05616,-116.04809,20
USA,338688000000,37.11586,-116.06457,1.07
USA,341798400000,37.21130,-116.20540,10
USA,343008000000,37.11149,-116.01866,2
USA,348364800000,37.08709,-116.04475,99
USA,350179200000,37.01089,-116.03218,20
USA,351907200000,37.18190,-116.08425,20
USA,357436800000,37.17733,-116.08476,20
USA,359942400000,37.10184,-116.00406,2.5
USA,360633600000,37.30340,-116.32560,140
USA,363571200000,37.12860,-116.03378,4
USA,364089600000,37.08870,-116.01937,20
USA,365817600000,37.15374,-116.03508,20
USA,367718400000,37.16042,-116.06652,4
USA,368409600000,37.05809,-116.04807,1
USA,370137600000,37.00852,-116.02380,20
USA,370742400000,37.08160,-116.00880,38
USA,374284800000,37.07632,-116.06849,29
USA,376185600000,37.14843,-116.07084,20
USA,377308800000,37.11450,-116.12290,5
USA,381024000000,37.09134,-116.05123,139
USA,382320000000,37.22433,-116.46265,80
USA,382320000000,37.34800,-116.31610,140
USA,387849600000,37.01682,-116.00987,6
USA,389491200000,37.11684,-116.12691,3.5
USA,389577600000,37.06906,-116.04546,99
USA,393033600000,37.11423,-116.01658,20
USA,393724800000,37.23622,-116.37018,140
USA,396748800000,37.10231,-116.07497,20
USA,397353600000,37.08420,-116.00655,138
USA,397872000000,37.18979,-116.04768,20
USA,399772800000,37.01974,-116.01566,20
USA,401587200000,37.21200,-116.20680,20
USA,401587200000,37.21202,-116.20677,20
USA,401587200000,37.17475,-116.08779,20
USA,402105600000,37.09131,-116.04489,1
USA,405907200000,37.02370,-116.03210,5
USA,408326400000,37.03020,-116.07190,20
USA,413769600000,37.05060,-116.04530,20
USA,414288000000,37.16280,-116.06330,1.5
USA,417484800000,37.30070,-116.46000,45
USA,419126400000,37.07280,-116.04600,84
USA,420940800000,37.14600,-116.09000,6
USA,422755200000,37.20900,-116.20600,4
USA,422755200000,37.10290,-116.00570,6
USA,423964800000,37.15762,-116.08923,6
USA,428716800000,37.11900,-116.08890,2.5
USA,429408000000,36.99770,-116.00270,5
USA,430790400000,37.19300,-116.03500,2
USA,431222400000,37.27280,-116.35500,143
USA,432950400000,37.20970,-116.20930,20
USA,432950400000,37.12100,-116.05600,0.6
USA,432950400000,37.12100,-116.05600,2
USA,433036800000,37.10560,-116.04940,2
USA,433641600000,37.05300,-116.02100,20
USA,439776000000,37.01300,-116.04700,1.5
USA,440380800000,37.14050,-116.07210,29
USA,444355200000,37.11270,-116.12170,20
USA,445651200000,37.22140,-116.18110,20
USA,446947200000,37.06580,-116.04630,150
USA,449539200000,37.14644,-116.08406,6
USA,452304000000,37.19848,-116.05397,0.25
USA,453513600000,37.09251,-116.09322,0.8
USA,454809600000,37.10313,-116.04805,120
USA,456537600000,37.00038,-116.04306,20
USA,458438400000,37.19199,-116.03438,0.5
USA,459561600000,37.26777,-116.41064,80
USA,460252800000,37.01710,-116.00760,10
USA,462672000000,37.14389,-116.12526,20
USA,462672000000,37.08979,-115.99937,20
USA,463881600000,37.08669,-116.07118,33
USA,465523200000,37.08523,-116.05281,2.5
USA,468892800000,37.00010,-116.01740,5
USA,471916800000,37.28136,-116.30541,80
USA,472348800000,37.01200,-116.04600,2.5
USA,479692800000,37.05810,-116.04530,20
USA,480384000000,37.17998,-116.08896,60
USA,481248000000,37.09480,-116.03230,150
USA,481593600000,37.20083,-116.20718,15
USA,483840000000,37.25341,-116.32521,150
USA,487382400000,37.24786,-116.48906,100
USA,487382400000,37.08831,-116.08394,8
USA,488592000000,37.12410,-116.12199,3.5
USA,491097600000,37.29725,-116.43807,45
USA,492825600000,37.11108,-116.01438,20
USA,493084800000,37.00230,-116.04300,8
USA,496627200000,37.08980,-116.00180,10
USA,497664000000,37.20916,-116.20512,0.075
USA,497664000000,37.20967,-116.21009,2.5
USA,498268800000,37.10995,-116.12138,20
USA,499478400000,37.05061,-116.03614,0.01
USA,504576000000,37.23781,-116.47274,60
USA,511833600000,37.08300,-116.06610,29
USA,513475200000,37.21833,-116.18311,20
USA,514339200000,37.01166,-116.04605,1.5
USA,514512000000,37.26412,-116.44020,80
USA,517017600000,37.12503,-116.05944,1
USA,518313600000,37.09829,-116.01550,67
USA,521942400000,37.27870,-116.35560,119
USA,522547200000,37.14275,-116.07112,8
USA,526176000000,37.23973,-116.36776,0.35
USA,526780800000,37.06908,-116.04969,0.1
USA,528422400000,37.30008,-116.30743,140
USA,529804800000,37.22021,-116.46163,140
USA,532310400000,37.10043,-116.04807,120
USA,534816000000,37.26296,-116.41168,140
USA,539308800000,37.18114,-116.04844,20
USA,539308800000,37.18114,-116.04844,20
USA,539308800000,37.18114,-116.04844,20
USA,540000000000,37.01070,-116.04470,6
USA,543024000000,37.21024,-116.20857,3.5
USA,545702400000,37.24789,-116.50914,100
USA,546048000000,36.98314,-116.00458,2.5
USA,546739200000,37.23305,-116.42312,100
USA,550972800000,37.19355,-116.03501,20
USA,551145600000,37.22000,-116.17780,20
USA,552009600000,36.99860,-116.04310,8
USA,555811200000,37.06100,-116.04530,150
USA,559440000000,37.22799,-116.37471,150
USA,561945600000,37.14190,-116.07870,38
USA,565315200000,36.99641,-116.00447,20
USA,565401600000,37.23465,-116.16338,2
USA,571881600000,37.31444,-116.47148,60
USA,576374400000,37.01316,-116.04433,2
USA,579484800000,37.12442,-116.07210,16
USA,580176000000,37.03250,-115.98730,3.5
USA,581212800000,37.26014,-116.44108,80
USA,582940800000,37.16616,-116.07224,150
USA,582940800000,37.16616,-116.07224,150
USA,584236800000,37.25244,-116.37668,150
USA,587779200000,37.29716,-116.30654,140
USA,588297600000,36.99100,-116.01900,2
USA,588297600000,36.98900,-116.01900,20
USA,588902400000,37.08593,-116.06852,33
USA,592704000000,37.08900,-116.04926,150
USA,595036800000,36.99100,-116.02200,20
USA,595036800000,36.98900,-116.02200,20
USA,597628800000,37.17500,-116.09300,3
USA,597628800000,37.17500,-116.09300,20
USA,597715200000,37.19900,-116.20940,25
USA,603072000000,37.07678,-116.00061,67
USA,604281600000,37.12849,-116.12196,5
USA,604281600000,37.12849,-116.12196,20
USA,605404800000,37.14283,-116.06694,33
USA,611193600000,37.10761,-116.12089,5
USA,611193600000,37.10761,-116.12089,20
USA,611193600000,37.10761,-116.12089,8
USA,612144000000,37.08587,-116.05513,0.5
USA,614476800000,37.28288,-116.41231,60
USA,614908800000,37.27546,-116.35356,20
USA,621734400000,37.23589,-116.16290,10
USA,625795200000,37.26310,-116.49072,150
USA,627091200000,37.10652,-116.01338,20
USA,630115200000,37.02600,-116.03200,20
USA,630115200000,37.02600,-116.03200,20
USA,637027200000,37.11251,-116.05518,44
USA,639360000000,37.06767,-115.99213,0.1
USA,645235200000,37.26160,-116.42012,150
USA,645926400000,36.99284,-116.00449,2
USA,648864000000,37.20687,-116.21426,10
USA,648864000000,37.20700,-116.21500,20
USA,653788800000,37.03822,-116.05680,20
USA,653788800000,37.03822,-116.05680,20
USA,654393600000,37.00715,-116.05822,20
USA,655689600000,37.24786,-116.49421,140
USA,668390400000,37.10436,-116.07403,3.5
USA,668390400000,37.10436,-116.07403,8
USA,668390400000,37.10436,-116.07403,20
USA,670723200000,37.29608,-116.31290,140
USA,671760000000,37.24544,-116.44163,80
USA,682214400000,37.08733,-116.00179,3
USA,684806400000,37.22564,-116.42813,100
USA,685238400000,37.23573,-116.16643,1.5
USA,687744000000,37.06343,-116.04529,53
USA,701568000000,37.27246,-116.35976,100
USA,704592000000,37.23418,-116.15735,3
USA,708912000000,37.00542,-116.01014,0.08
USA,709257600000,37.12392,-116.03124,20
USA,709257600000,37.12392,-116.03124,20
USA,709257600000,37.12392,-116.03124,20
USA,716774400000,37.20692,-116.20998,4
USA,717206400000,37.02068,-115.98791,5
RUS,-641952000000,50.44000,77.82000,22
RUS,-576633600000,50.00000,78.00000,38.3
RUS,-574560000000,50.00000,78.00000,42
RUS,-517190400000,50.00000,78.00000,400
RUS,-516240000000,50.00000,78.00000,28
RUS,-515289600000,50.00000,78.00000,5.8
RUS,-514857600000,50.00000,78.00000,1.6
RUS,-514684800000,50.00000,78.00000,4.9
RUS,-482803200000,52.60000,52.84000,40
RUS,-481507200000,50.00000,78.00000,0.2
RUS,-481334400000,50.00000,78.00000,0.03
RUS,-481161600000,50.00000,78.00000,2
RUS,-480988800000,50.00000,78.00000,4
RUS,-480729600000,50.00000,78.00000,0.8
RUS,-479779200000,50.00000,78.00000,0.001
RUS,-479433600000,50.00000,78.00000,62
RUS,-479174400000,50.00000,78.00000,2.8
RUS,-478828800000,50.00000,78.00000,10
RUS,-455328000000,50.00000,78.00000,1.3
RUS,-454982400000,50.00000,78.00000,12
RUS,-454723200000,50.00000,78.00000,1.2
RUS,-450662400000,70.70000,54.56000,3.5
RUS,-450662400000,50.00000,78.00000,0
RUS,-446688000000,50.00000,78.00000,250
RUS,-445305600000,50.00000,78.00000,1600
RUS,-439084800000,46.00000,62.00000,0.3
RUS,-435369600000,50.00000,78.00000,14
RUS,-434592000000,50.00000,78.00000,5.5
RUS,-421459200000,50.00000,78.00000,27
RUS,-420940800000,50.00000,78.00000,900
RUS,-420681600000,50.00000,78.00000,51
RUS,-419990400000,50.00000,78.00000,38
RUS,-414115200000,50.00000,78.00000,900
RUS,-411782400000,50.00000,78.00000,40
RUS,-408672000000,49.00000,46.00000,10
RUS,-404524800000,50.00000,78.00000,19
RUS,-402278400000,50.00000,78.00000,42
RUS,-402019200000,50.00000,78.00000,57
RUS,-401673600000,50.00000,78.00000,680
RUS,-401500800000,50.00000,78.00000,22
RUS,-401155200000,50.00000,78.00000,320
RUS,-390096000000,50.00000,78.00000,520
RUS,-389750400000,50.00000,78.00000,0.1
RUS,-388713600000,70.69000,54.80000,32
RUS,-388195200000,50.00000,78.00000,5.9
RUS,-387244800000,73.00000,55.00000,1600
RUS,-387072000000,50.00000,78.00000,13
RUS,-386208000000,73.00000,55.00000,2900
RUS,-385862400000,70.70000,54.56000,6
RUS,-379036800000,50.00000,78.00000,12
RUS,-378432000000,50.00000,78.00000,1.3
RUS,-377308800000,50.00000,78.00000,0.5
RUS,-374112000000,73.00000,55.00000,860
RUS,-373766400000,73.00000,55.00000,250
RUS,-373766400000,73.00000,55.00000,1500
RUS,-372556800000,50.00000,78.00000,1.2
RUS,-372556800000,50.00000,78.00000,0
RUS,-372470400000,50.00000,78.00000,35
RUS,-372470400000,73.00000,55.00000,40
RUS,-372384000000,50.00000,78.00000,14
RUS,-372384000000,50.00000,78.00000,0
RUS,-372124800000,50.00000,78.00000,0.16
RUS,-371952000000,50.00000,78.00000,12
RUS,-371865600000,73.00000,55.00000,650
RUS,-371779200000,50.00000,78.00000,18
RUS,-355190400000,73.00000,55.00000,1200
RUS,-355190400000,73.00000,55.00000,900
RUS,-355017600000,73.00000,55.00000,290
RUS,-355017600000,73.00000,55.00000,40
RUS,-354844800000,73.00000,55.00000,9
RUS,-354758400000,73.00000,55.00000,15
RUS,-354672000000,73.00000,55.00000,5.5
RUS,-354326400000,73.00000,55.00000,68
RUS,-354153600000,74.93000,53.32000,1450
RUS,-353894400000,74.00000,51.80000,1500
RUS,-353635200000,73.97000,52.47000,2900
RUS,-353548800000,73.00000,55.00000,40
RUS,-353548800000,73.00000,55.00000,0.001
RUS,-353462400000,73.00000,55.00000,440
RUS,-353376000000,73.00000,55.00000,2
RUS,-353289600000,73.53000,53.10000,2800
RUS,-353116800000,73.68000,54.97000,1000
RUS,-353030400000,73.00000,55.00000,190
RUS,-353030400000,73.00000,55.00000,0.05
RUS,-352425600000,49.00000,46.00000,10
RUS,-352252800000,49.00000,46.00000,10
RUS,-263001600000,50.00000,78.00000,16
RUS,-262742400000,50.45000,77.74000,9
RUS,-262656000000,50.45000,77.74000,16
RUS,-262569600000,50.00000,78.00000,1.1
RUS,-262569600000,48.45000,44.30000,10.5
RUS,-262310400000,50.00000,78.00000,0.38
RUS,-262224000000,74.20000,52.50000,2700
RUS,-262224000000,70.70000,54.60000,12
RUS,-262224000000,50.00000,78.00000,0.88
RUS,-262137600000,50.00000,78.00000,0.3
RUS,-262051200000,74.20000,52.10000,1150
RUS,-261964800000,70.87000,53.33000,6
RUS,-261964800000,50.45000,77.75000,10
RUS,-261878400000,50.35000,77.82000,0.4
RUS,-261878400000,74.60000,51.10000,1200
RUS,-261705600000,74.00000,51.90000,830
RUS,-261619200000,50.45000,77.75000,21
RUS,-261532800000,74.00000,52.00000,1000
RUS,-261532800000,50.00000,78.00000,0.004
RUS,-261532800000,50.00000,78.00000,0.75
RUS,-261446400000,50.00000,78.00000,0.03
RUS,-261360000000,50.00000,78.00000,4.8
RUS,-261360000000,73.52000,54.30000,1500
RUS,-261273600000,50.33000,77.70000,0.8
RUS,-261187200000,73.52000,54.30000,260
RUS,-260841600000,50.45000,77.75000,1.2
RUS,-260409600000,50.00000,78.00000,3
RUS,-260323200000,73.92000,54.55000,250
RUS,-260150400000,50.44000,77.76000,13
RUS,-260150400000,73.70000,53.80000,3000
RUS,-259977600000,74.30000,51.60000,4000
RUS,-259977600000,48.45000,44.30000,40
RUS,-259804800000,70.70000,54.60000,15
RUS,-259545600000,49.77389,77.98861,1
RUS,-259459200000,50.45000,77.75000,15
RUS,-259027200000,50.45000,77.75000,6.6
RUS,-258854400000,50.45000,77.75000,10
RUS,-258768000000,73.80000,53.20000,1450
RUS,-258508800000,70.70000,54.56000,4.8
RUS,-258508800000,73.90000,53.80000,12500
RUS,-258336000000,73.52000,54.30000,300
RUS,-258336000000,50.00000,78.00000,0.5
RUS,-258163200000,70.70000,54.67000,16
RUS,-258163200000,49.00000,46.00000,1.2
RUS,-258163200000,49.00000,46.00000,1.2
RUS,-257904000000,50.00000,78.00000,0.09
RUS,-257904000000,73.80000,53.50000,58000
RUS,-257817600000,73.60000,56.20000,5000
RUS,-257817600000,73.00000,55.00000,400
RUS,-257731200000,50.00000,78.00000,2.7
RUS,-257644800000,73.00000,55.00000,120
RUS,-257644800000,73.00000,55.00000,280
RUS,-257644800000,50.00000,78.00000,0.6
RUS,-257558400000,50.00000,78.00000,0.001
RUS,-257558400000,50.00000,78.00000,0.9
RUS,-257472000000,73.00000,55.00000,15
RUS,-257472000000,73.70000,55.70000,1500
RUS,-257472000000,73.00000,55.00000,6
RUS,-257472000000,50.00000,78.00000,0.2
RUS,-249696000000,49.78500,77.99694,15
RUS,-234144000000,50.00000,78.00000,2.4
RUS,-233971200000,50.00000,78.00000,1.6
RUS,-233884800000,50.00000,78.00000,3.8
RUS,-233798400000,74.20000,52.50000,21100
RUS,-233625600000,50.00000,78.00000,9.9
RUS,-233366400000,73.00000,55.00000,400
RUS,-232675200000,50.00000,78.00000,7.4
RUS,-232675200000,50.00000,78.00000,5.8
RUS,-232502400000,74.30000,51.50000,2800
RUS,-232416000000,50.00000,78.00000,23
RUS,-232329600000,74.00000,53.30000,1600
RUS,-232329600000,73.00000,55.00000,6
RUS,-232329600000,50.00000,78.00000,3
RUS,-232243200000,50.00000,78.00000,2.5
RUS,-232070400000,50.00000,78.00000,1
RUS,-232070400000,73.00000,55.00000,10000
RUS,-231897600000,74.70000,50.30000,4200
RUS,-231897600000,50.00000,78.00000,11
RUS,-231552000000,50.00000,78.00000,2.7
RUS,-231379200000,73.00000,55.00000,80
RUS,-231033600000,50.00000,78.00000,0
RUS,-230860800000,73.70000,53.80000,1900
RUS,-230256000000,74.40000,51.50000,3100
RUS,-230169600000,74.20000,51.60000,3250
RUS,-229996800000,73.20000,54.70000,1350
RUS,-229996800000,50.00000,78.00000,10
RUS,-229910400000,73.80000,53.80000,10000
RUS,-229737600000,73.00000,55.00000,2400
RUS,-229651200000,50.00000,78.00000,0.21
RUS,-229478400000,50.00000,78.00000,1.2
RUS,-229392000000,50.00000,78.00000,7
RUS,-229392000000,73.70000,55.00000,19100
RUS,-229219200000,74.30000,52.40000,20000
RUS,-229132800000,50.00000,78.00000,1.3
RUS,-228355200000,73.00000,55.00000,320
RUS,-228182400000,50.00000,78.00000,8
RUS,-228182400000,73.00000,55.00000,15
RUS,-228096000000,50.00000,78.00000,9.2
RUS,-227836800000,50.00000,78.00000,4.9
RUS,-227750400000,50.00000,78.00000,10
RUS,-227232000000,50.00000,78.00000,6.7
RUS,-227059200000,49.00000,46.00000,300
RUS,-227059200000,73.40000,54.90000,8200
RUS,-226627200000,73.00000,55.00000,260
RUS,-226540800000,50.00000,78.00000,7.8
RUS,-226540800000,49.00000,46.00000,300
RUS,-226540800000,50.00000,78.00000,7.8
RUS,-226454400000,73.00000,55.00000,360
RUS,-226368000000,50.00000,78.00000,1.2
RUS,-226368000000,73.00000,55.00000,280
RUS,-226281600000,50.00000,78.00000,10
RUS,-226195200000,73.00000,55.00000,240
RUS,-226195200000,49.00000,46.00000,300
RUS,-226195200000,50.00000,78.00000,3
RUS,-226022400000,73.00000,55.00000,390
RUS,-226022400000,73.00000,55.00000,45
RUS,-226022400000,50.00000,78.00000,4.7
RUS,-225936000000,50.00000,78.00000,8.4
RUS,-225849600000,50.00000,78.00000,0.4
RUS,-225331200000,50.00000,78.00000,0.1
RUS,-225158400000,50.00000,78.00000,0.001
RUS,-225072000000,50.00000,78.00000,12
RUS,-224812800000,50.00000,78.00000,18
RUS,-224208000000,50.00000,78.00000,0.001
RUS,-224035200000,50.00000,78.00000,0.031
RUS,-223603200000,50.00000,78.00000,2.4
RUS,-222134400000,73.00000,55.00000,110
RUS,-222134400000,73.00000,55.00000,69
RUS,-221961600000,73.00000,55.00000,8.3
RUS,-221788800000,73.00000,55.00000,6.3
RUS,-221702400000,73.00000,55.00000,430
RUS,-221702400000,73.00000,55.00000,8.3
RUS,-221702400000,73.00000,55.00000,2.4
RUS,-221702400000,50.00000,78.00000,0.001
RUS,-221616000000,50.00000,78.00000,0.007
RUS,-221616000000,50.00000,78.00000,0.028
RUS,-221616000000,74.20000,52.30000,1100
RUS,-221616000000,73.60000,57.50000,24200
RUS,-221529600000,73.40000,56.50000,3100
RUS,-221529600000,73.00000,55.00000,8.5
RUS,-182995200000,49.82083,78.09861,37
RUS,-177638400000,49.81778,78.09389,23.7
RUS,-175824000000,49.77472,77.98806,1.6
RUS,-172108800000,49.81500,78.09306,26
RUS,-169516800000,49.82056,78.08194,0.07
RUS,-166838400000,73.66700,54.53300,2
RUS,-165801600000,49.82083,78.09861,20
RUS,-163641600000,73.38700,54.98500,20
RUS,-161740800000,49.81389,78.13361,47
RUS,-156556800000,49.93500,79.00936,140
RUS,-154828800000,49.77306,77.99139,44
RUS,-152496000000,49.82972,78.05750,27
RUS,-150422400000,49.77472,77.98806,0.06
RUS,-150163200000,52.90000,56.50000,2.3
RUS,-150163200000,52.90000,56.50000,2.3
RUS,-146534400000,49.77306,77.99139,14
RUS,-143942400000,52.90000,56.50000,7.6
RUS,-143337600000,49.83056,78.05778,24
RUS,-139708800000,49.78500,77.99694,1.1
RUS,-135388800000,49.81722,78.14250,15
RUS,-133574400000,49.83056,78.10139,29
RUS,-133056000000,49.99064,77.63572,1.1
RUS,-129772800000,49.82833,78.05972,29
RUS,-126921600000,49.81167,78.10750,6.7
RUS,-122515200000,49.81417,78.13083,125
RUS,-119491200000,49.75167,78.00833,100
RUS,-116726400000,49.81778,78.09389,22
RUS,-116640000000,47.82900,47.93500,1.1
RUS,-115344000000,49.73611,78.10722,4
RUS,-110764800000,49.83917,78.07083,42
RUS,-108864000000,49.73556,78.10472,24
RUS,-107568000000,49.75889,78.04861,32
RUS,-106358400000,49.83056,78.10139,10
RUS,-104716800000,49.83056,78.05778,4.6
RUS,-102729600000,38.96800,64.51700,30
RUS,-101088000000,49.74194,78.02556,55
RUS,-100396800000,73.38700,54.83600,700
RUS,-100396800000,73.40000,54.80000,700
RUS,-100224000000,49.78472,77.99944,20
RUS,-98409600000,49.82972,78.05750,20
RUS,-97200000000,49.74028,78.03083,4.6
RUS,-97200000000,49.74028,78.03083,20
RUS,-95904000000,49.92458,77.74722,100
RUS,-92188800000,49.77306,77.99000,4.6
RUS,-92188800000,49.77306,77.99000,20
RUS,-89856000000,49.73944,78.08639,130
RUS,-87523200000,49.75333,78.05361,18
RUS,-87523200000,49.75333,78.05361,20
RUS,-85276800000,49.73611,78.10722,37
RUS,-81993600000,49.75167,78.00833,28
RUS,-81993600000,49.75167,78.00833,20
RUS,-79228800000,49.82222,78.04333,20
RUS,-77846400000,49.84417,78.11556,23
RUS,-76118400000,49.75444,78.05028,19
RUS,-76118400000,49.75444,78.05028,20
RUS,-73612800000,49.74194,78.02556,0.7
RUS,-72403200000,49.93719,77.72811,16
RUS,-71884800000,49.95964,77.69106,10
RUS,-70675200000,57.70000,65.20000,0.3
RUS,-69724800000,49.78444,77.99778,45
RUS,-69724800000,49.78444,77.99778,20
RUS,-69379200000,73.39000,54.81000,260
RUS,-69379200000,73.40000,54.80000,150
RUS,-68601600000,49.79722,77.99944,25
RUS,-66614400000,49.94194,77.68683,1.6
RUS,-65232000000,49.81833,78.17083,19
RUS,-62640000000,49.75389,78.04694,7.5
RUS,-53308800000,49.84167,78.10722,6.2
RUS,-50976000000,38.91800,65.03200,47
RUS,-50803200000,49.83333,78.09278,0.001
RUS,-49161600000,49.79861,78.15000,15
RUS,-48470400000,49.98025,78.98550,18
RUS,-47433600000,47.90900,47.91200,27
RUS,-46483200000,49.75556,78.09917,24
RUS,-46483200000,49.75556,78.09917,20
RUS,-43113600000,49.82056,78.08111,4.6
RUS,-43113600000,49.82056,78.08111,0.001
RUS,-41731200000,49.73806,78.08083,32
RUS,-39657600000,49.80417,78.10556,60
RUS,-37756800000,49.72786,78.48628,0.24
RUS,-37065600000,49.83333,78.09278,20
RUS,-36288000000,73.38700,54.85800,0.001
RUS,-36288000000,73.38700,54.85800,165
RUS,-36288000000,73.38700,54.85800,165
RUS,-36115200000,49.79972,78.14444,4
RUS,-35856000000,49.71200,78.46100,0.24
RUS,-35856000000,49.70000,78.50000,0.24
RUS,-35856000000,49.70000,78.50000,0.24
RUS,-32745600000,49.74083,78.08778,8.9
RUS,-25920000000,49.82833,78.05972,49
RUS,-23500800000,49.75333,78.05361,20
RUS,-22723200000,49.73556,78.10472,20
RUS,-19872000000,49.76778,78.08167,16
RUS,-18576000000,49.95031,77.69422,18
RUS,-15638400000,49.75417,78.10917,15
RUS,-15638400000,49.75417,78.10917,20
RUS,-13996800000,49.81972,78.13722,16
RUS,-10454400000,57.22000,55.39300,7.6
RUS,-9936000000,57.22000,55.41700,7.6
RUS,-9676800000,49.77778,77.98639,6.2
RUS,-9676800000,49.77778,77.98639,20
RUS,-8380800000,45.84800,42.60000,10
RUS,-7948800000,49.78639,78.10806,16
RUS,-7948800000,49.78639,78.10806,20
RUS,-6825600000,73.39000,54.78700,540
RUS,-6825600000,73.39000,54.78700,1500
RUS,-6825600000,73.40000,54.80000,1500
RUS,-5443200000,49.84417,78.11556,20
RUS,-3024000000,49.83667,78.05972,20
RUS,-2764800000,49.92428,78.95575,125
RUS,-2246400000,43.86700,54.80000,30
RUS,-345600000,49.93733,77.71422,40
RUS,-259200000,49.73222,78.10444,10
RUS,2419200000,49.79222,78.11306,42
RUS,2419200000,49.79222,78.11306,20
RUS,2419200000,49.79222,78.11306,20
RUS,4147200000,49.73083,78.10250,0.001
RUS,7344000000,49.74444,78.00333,6.5
RUS,12614400000,49.73139,78.10111,0.9
RUS,15120000000,52.20000,55.70000,2.3
RUS,15379200000,49.79333,78.11306,88
RUS,15379200000,49.78222,78.05333,20
RUS,15379200000,49.78222,78.05333,20
RUS,17366400000,49.95242,77.67289,23
RUS,17625600000,49.81361,78.13222,20
RUS,21427200000,49.78889,77.99750,20
RUS,21427200000,49.75250,78.00528,34
RUS,24710400000,73.30400,55.02700,2200
RUS,24710400000,73.30400,55.02700,1500
RUS,24710400000,73.30400,55.02700,1500
RUS,26524800000,49.98922,77.76244,27
RUS,29808000000,43.85000,54.80000,80
RUS,30240000000,49.75194,78.10167,26
RUS,30758400000,44.02500,54.93300,75
RUS,33955200000,49.80528,78.16861,1.8
RUS,38448000000,49.79333,78.11306,67
RUS,38448000000,49.77444,78.08278,20
RUS,38534400000,61.40000,56.20000,15
RUS,38534400000,61.40000,56.20000,15
RUS,38534400000,61.40000,56.20000,15
RUS,40003200000,49.83222,78.03861,0.23
RUS,41385600000,49.78028,78.03667,90
RUS,43977600000,49.80417,78.14500,9
RUS,45014400000,49.97542,77.66028,16
RUS,46137600000,49.96903,77.64081,35
RUS,47088000000,49.94600,78.98047,5
RUS,47260800000,67.28300,63.46700,2.3
RUS,47952000000,64.16700,55.26700,2.3
RUS,54086400000,57.50800,42.64300,2.3
RUS,54777600000,73.39300,54.92000,2450
RUS,54777600000,73.39300,54.92000,1500
RUS,54777600000,73.39300,54.92000,1500
RUS,54777600000,73.39300,54.92000,1500
RUS,55382400000,61.35800,48.09200,2.3
RUS,55814400000,49.97789,77.64144,12
RUS,56851200000,49.97381,77.59733,23
RUS,56937600000,51.60000,54.45000,15
RUS,60220800000,49.73778,78.08139,28
RUS,60220800000,49.73778,78.08139,20
RUS,61603200000,49.83056,77.99333,6
RUS,62208000000,47.89700,48.13300,64
RUS,62899200000,49.74917,78.00611,50
RUS,62899200000,49.75500,78.04750,150
RUS,66528000000,50.02428,78.87808,16
RUS,69033600000,49.75194,78.11806,28
RUS,69033600000,49.75194,78.11806,20
RUS,70588800000,49.73417,78.08250,6
RUS,70588800000,49.73417,78.08250,20
RUS,70588800000,49.73417,78.08250,0.001
RUS,71798400000,37.35000,62.05000,15
RUS,72576000000,49.84167,78.10722,0.001
RUS,76723200000,49.83167,78.10944,20
RUS,76723200000,49.77306,77.99000,25
RUS,79228800000,49.73611,78.10917,1.5
RUS,79488000000,49.80000,35.40000,3.8
RUS,81043200000,70.80000,53.80000,10
RUS,82771200000,49.77056,78.05722,8
RUS,83116800000,49.40000,48.14200,6.6
RUS,83635200000,49.98197,77.71661,21
RUS,83808000000,73.38800,54.84700,1120
RUS,83808000000,73.38800,54.84700,150
RUS,83808000000,73.38800,54.84700,1500
RUS,83808000000,73.38800,54.84700,1500
RUS,84240000000,49.95942,77.64089,2
RUS,84412800000,67.75000,33.10000,2.1
RUS,85881600000,52.11800,52.06800,2.3
RUS,86918400000,46.85300,44.93800,6.6
RUS,89510400000,49.92697,78.81725,165
RUS,91411200000,51.99000,51.86700,2.3
RUS,91411200000,51.84200,64.21000,6.6
RUS,92793600000,49.82611,78.09194,58
RUS,92793600000,49.82806,78.05806,150
RUS,92793600000,50.02700,78.99556,140
RUS,94348800000,49.73611,78.10722,20
RUS,98668800000,49.81583,78.10667,42
RUS,104025600000,49.98400,77.61400,21
RUS,111110400000,49.79111,78.01278,20
RUS,111110400000,49.79111,78.01278,20
RUS,111110400000,49.79111,78.01278,0.001
RUS,112233600000,49.96889,78.81750,212
RUS,114220800000,42.77500,67.40800,6.3
RUS,115344000000,50.52700,68.32300,6.3
RUS,116640000000,73.31400,55.05600,3800
RUS,116640000000,73.31400,55.05600,1500
RUS,116640000000,73.31400,55.05600,1500
RUS,116640000000,73.31400,55.05600,1500
RUS,117244800000,45.75800,67.82500,6.3
RUS,117331200000,49.96167,78.85556,0.001
RUS,117936000000,70.73100,53.83600,180
RUS,118195200000,51.65000,54.55000,10
RUS,120441600000,49.75222,78.13250,15
RUS,120441600000,53.65000,55.40000,10
RUS,120528000000,70.78000,54.03500,4000
RUS,121219200000,50.06306,78.93306,20
RUS,124675200000,50.04381,78.98569,80
RUS,126144000000,49.73944,78.08639,0.5
RUS,128736000000,49.82333,78.04167,24
RUS,128736000000,49.82333,78.04167,6
RUS,128736000000,49.82333,78.04167,20
RUS,131241600000,49.83167,78.10944,0.001
RUS,135302400000,50.02444,78.92639,1
RUS,137894400000,49.73972,78.03583,18
RUS,139190400000,49.96056,78.84417,71
RUS,141350400000,49.83056,78.10139,3.5
RUS,142473600000,53.70000,55.10000,10
RUS,142646400000,49.77722,78.11250,18
RUS,144288000000,49.93750,78.93583,20
RUS,145670400000,68.90300,75.82300,7.6
RUS,146966400000,73.39700,54.90500,1200
RUS,146966400000,73.39700,54.90500,1500
RUS,146966400000,73.39700,54.90500,150
RUS,146966400000,73.39700,54.90500,20
RUS,146966400000,73.39700,54.90500,1500
RUS,146966400000,67.08500,62.62500,7.6
RUS,148262400000,49.76972,78.05528,14
RUS,149904000000,66.10000,112.65000,1.7
RUS,151113600000,49.98750,78.89417,19
RUS,152582400000,70.81000,53.91000,2300
RUS,154828800000,49.95000,77.70000,0.01
RUS,155606400000,49.91600,77.60500,1.7
RUS,156384000000,49.76778,78.08167,6.7
RUS,156384000000,49.83306,78.02667,3.8
RUS,157334400000,49.96583,79.00333,36
RUS,162086400000,49.77750,78.01556,20
RUS,162086400000,49.77750,78.01556,20
RUS,162086400000,49.77750,78.01556,20
RUS,162086400000,49.79889,78.00139,55
RUS,163728000000,49.75472,78.10750,24
RUS,167616000000,47.90900,47.91200,0.35
RUS,167788800000,49.93750,78.90361,29
RUS,171417600000,49.75167,78.00583,32
RUS,173318400000,49.98556,78.89694,8
RUS,174614400000,49.79139,78.09444,20
RUS,174614400000,49.79139,78.09444,20
RUS,176601600000,49.80194,78.13056,14
RUS,176601600000,49.80139,78.12833,20
RUS,177033600000,70.76300,126.95300,7.6
RUS,177984000000,73.33400,54.68200,1100
RUS,177984000000,73.33400,54.68200,20
RUS,177984000000,73.33400,54.68200,1500
RUS,177984000000,73.33400,54.68200,20
RUS,177984000000,73.33400,54.68200,150
RUS,177984000000,73.33400,54.68200,1500
RUS,177984000000,73.33400,54.68200,1500
RUS,177984000000,73.33400,54.68200,150
RUS,181180800000,69.57800,90.33700,7.6
RUS,181699200000,49.78306,78.08667,0.2
RUS,182822400000,70.81600,53.74400,600
RUS,182822400000,70.81600,53.74400,600
RUS,182822400000,70.81600,53.75300,600
RUS,183081600000,73.30700,55.01000,1300
RUS,183081600000,73.30700,55.01000,1500
RUS,183081600000,73.30700,55.01000,150
RUS,183081600000,73.30700,55.01000,1500
RUS,183081600000,73.30700,55.01000,1500
RUS,183772800000,49.95389,78.87389,36
RUS,187660800000,49.81333,78.10861,8
RUS,188697600000,50.04389,78.82000,59
RUS,190512000000,49.81000,78.17139,13
RUS,195868800000,49.75556,78.09917,20
RUS,196905600000,47.89700,48.13300,10
RUS,197942400000,49.75500,78.04750,0.1
RUS,198892800000,49.75472,78.10750,7
RUS,198892800000,49.90056,78.83083,7
RUS,201312000000,49.77750,78.01556,3.7
RUS,203126400000,49.99361,79.02444,10
RUS,205286400000,49.90417,78.89944,65
RUS,206928000000,49.74333,78.05167,7
RUS,207446400000,47.87000,48.15000,58
RUS,207964800000,49.87000,77.70000,0.9
RUS,210038400000,49.97500,78.92639,53
RUS,212803200000,73.36000,54.87100,130
RUS,212803200000,73.36000,54.87100,150
RUS,214617600000,73.39800,54.81200,13
RUS,214617600000,73.39800,54.81200,20
RUS,214617600000,73.39800,54.81200,20
RUS,214617600000,73.39800,54.81200,0.001
RUS,215481600000,49.83139,78.05722,2.8
RUS,216000000000,61.45800,112.86000,15
RUS,217555200000,50.01306,78.94333,74
RUS,218764800000,49.94389,78.83917,54
RUS,218764800000,49.94389,78.83917,20
RUS,218764800000,49.89917,78.78639,95
RUS,220752000000,49.78028,78.03667,10
RUS,220752000000,49.78028,78.03667,20
RUS,228441600000,49.97000,78.08600,24
RUS,228441600000,49.77639,78.01750,25
RUS,228441600000,49.77639,78.01750,20
RUS,228441600000,49.77639,78.01750,0.001
RUS,230774400000,49.81333,78.10861,10
RUS,233712000000,49.94639,78.77167,44
RUS,236390400000,49.99944,78.86667,9
RUS,238723200000,69.57500,90.37500,15
RUS,239068800000,49.75056,78.04917,11
RUS,239068800000,49.75056,78.04917,20
RUS,240019200000,50.95500,110.98300,8.5
RUS,240624000000,49.83083,78.11389,8
RUS,240883200000,64.10800,99.55800,8.5
RUS,241920000000,73.33900,54.61900,120
RUS,241920000000,73.33900,54.61900,20
RUS,241920000000,73.33900,54.61900,20
RUS,241920000000,73.33900,54.61900,130
RUS,242265600000,50.05556,78.91417,78
RUS,242265600000,50.05556,78.91417,20
RUS,242697600000,57.25100,106.55100,7.6
RUS,244425600000,47.89700,48.16100,10
RUS,245203200000,73.40900,54.92700,5
RUS,245635200000,47.90900,47.91200,0.1
RUS,246931200000,49.83417,78.08028,42
RUS,246931200000,49.83417,78.08028,20
RUS,246931200000,50.05222,78.98028,50
RUS,247017600000,47.90900,47.91200,0.1
RUS,248140800000,50.05222,78.86444,20
RUS,249436800000,49.75444,78.05028,20
RUS,249696000000,49.96722,78.87444,70
RUS,249696000000,49.96722,78.87444,20
RUS,251942400000,49.81083,78.05417,20
RUS,251942400000,49.80139,78.12833,6
RUS,251942400000,49.80194,78.13056,0.001
RUS,251942400000,49.80194,78.13056,20
RUS,251942400000,49.80194,78.13056,20
RUS,259113600000,49.94500,77.70400,13
RUS,259718400000,49.76194,77.98250,30
RUS,259718400000,49.76194,77.98250,20
RUS,262051200000,49.75167,78.13167,20
RUS,262051200000,49.75167,78.13167,20
RUS,262051200000,49.75167,78.13167,20
RUS,264816000000,49.74333,78.05167,0.001
RUS,265248000000,49.79139,78.09444,3
RUS,265593600000,49.74333,78.05167,0.001
RUS,266371200000,49.91333,78.80194,58
RUS,268444800000,49.90000,78.86667,87
RUS,270432000000,49.75500,78.14500,60
RUS,270432000000,49.75500,78.14500,20
RUS,270432000000,49.75500,78.14500,20
RUS,270432000000,49.75500,78.14500,20
RUS,270432000000,49.75500,78.14500,20
RUS,271468800000,63.67800,125.52200,22
RUS,271555200000,73.29100,54.88300,180
RUS,271555200000,73.29100,54.88300,20
RUS,271555200000,73.29100,54.88300,20
RUS,271555200000,73.29100,54.88300,20
RUS,271555200000,73.29100,54.88300,150
RUS,271555200000,73.29100,54.88300,20
RUS,272764800000,65.92500,112.33800,22
RUS,273196800000,49.81333,78.10861,14
RUS,273196800000,49.81333,78.10861,20
RUS,273196800000,49.81333,78.10861,0.001
RUS,273196800000,50.00611,78.96722,119
RUS,274406400000,47.90900,47.91200,0.08
RUS,274665600000,49.92833,78.86167,81
RUS,275097600000,49.79861,78.15000,1.1
RUS,275184000000,66.59800,86.21000,15
RUS,275702400000,73.34900,54.67600,60
RUS,275702400000,73.34900,54.67600,20
RUS,275702400000,73.34900,54.67600,20
RUS,275702400000,73.34900,54.67600,20
RUS,275702400000,73.34900,54.67600,20
RUS,275702400000,73.34900,54.67600,20
RUS,275702400000,73.34900,54.67600,0.001
RUS,276652800000,61.55000,112.85000,15
RUS,277257600000,49.73667,78.11111,12
RUS,277430400000,47.85000,48.12000,56
RUS,277430400000,47.85000,48.12000,18
RUS,277430400000,63.18500,63.43200,22
RUS,278640000000,49.78861,78.10750,16
RUS,278985600000,50.04167,78.94722,44
RUS,278985600000,50.04167,78.94722,20
RUS,281145600000,49.95333,78.79528,101
RUS,281145600000,49.95333,78.79528,20
RUS,281145600000,49.78333,78.01556,110
RUS,281232000000,47.90900,47.91200,0.006
RUS,282441600000,49.81583,78.10667,4
RUS,282787200000,47.86000,48.16000,103
RUS,282960000000,49.81083,78.05417,3.5
RUS,282960000000,49.81083,78.05417,20
RUS,284774400000,47.90900,47.91200,0.5
RUS,285379200000,47.92000,48.12000,12
RUS,285379200000,47.92000,48.12000,56
RUS,286675200000,50.08083,78.85333,18
RUS,287971200000,49.97400,77.66800,23
RUS,287971200000,49.97400,77.66800,20
RUS,290995200000,49.81000,78.17139,0.001
RUS,292550400000,49.81000,78.17139,0.001
RUS,294796800000,49.76194,77.98250,15
RUS,294796800000,49.76194,77.98250,20
RUS,296956800000,49.81278,78.05944,17
RUS,296956800000,49.81278,78.05944,20
RUS,296956800000,49.81278,78.05944,20
RUS,296956800000,49.83417,78.08028,20
RUS,297993600000,49.81000,78.17139,0.001
RUS,298944000000,49.91472,78.84583,149
RUS,300153600000,50.03306,78.98917,97
RUS,300153600000,50.03306,78.98917,20
RUS,300758400000,47.88000,48.12000,7
RUS,300758400000,47.88000,48.12000,7
RUS,300758400000,47.88000,48.12000,7
RUS,301104000000,49.91900,77.81200,12
RUS,301104000000,49.77722,78.11250,14
RUS,302572800000,49.90306,78.88778,150
RUS,302572800000,49.90306,78.88778,150
RUS,303264000000,61.80300,122.43000,8.5
RUS,303782400000,49.94806,78.91889,150
RUS,303782400000,49.94806,78.91889,20
RUS,305424000000,64.11000,99.56200,8.5
RUS,306288000000,48.20000,38.30000,0.3
RUS,306979200000,73.34300,54.67200,130
RUS,306979200000,73.34300,54.67200,20
RUS,306979200000,73.34300,54.67200,20
RUS,307238400000,49.75056,78.04917,1.6
RUS,307843200000,60.67500,71.45500,22
RUS,308102400000,61.85000,113.10000,15
RUS,309052800000,49.82417,78.09750,15
RUS,309052800000,49.82417,78.09750,20
RUS,309052800000,73.31600,54.81600,150
RUS,309052800000,73.31600,54.81600,20
RUS,309052800000,73.31600,54.81600,150
RUS,309052800000,73.31600,54.81600,20
RUS,309571200000,47.85000,48.14000,3
RUS,309571200000,47.85000,48.14000,30
RUS,309916800000,49.99667,78.99500,120
RUS,309916800000,49.99667,78.99500,150
RUS,312768000000,49.78306,78.08667,1.6
RUS,312940800000,49.90944,78.78444,93
RUS,312940800000,49.90944,78.78444,150
RUS,314582400000,49.79222,78.11300,3.6
RUS,314755200000,49.93222,78.75278,137
RUS,314755200000,49.93222,78.75278,20
RUS,321840000000,49.82333,78.04167,0.001
RUS,323654400000,50.00000,77.82300,6
RUS,324172800000,49.78250,78.05722,8
RUS,324172800000,49.78250,78.05722,20
RUS,325468800000,49.97639,78.75944,19
RUS,325468800000,49.97639,78.75944,20
RUS,327801600000,49.77972,78.03639,35
RUS,327801600000,49.77972,78.03639,20
RUS,327801600000,49.77972,78.03639,20
RUS,329616000000,49.98872,78.99108,37
RUS,329961600000,52.90000,56.50000,3.2
RUS,330739200000,52.90000,56.50000,3.2
RUS,330739200000,49.82583,78.09944,0.3
RUS,331084800000,49.94861,78.81806,44
RUS,331084800000,49.94861,78.81806,20
RUS,331084800000,49.94861,78.81806,150
RUS,333849600000,49.79056,78.09083,20
RUS,333849600000,49.79056,78.09083,20
RUS,337737600000,49.93667,78.79750,200
RUS,338688000000,49.78333,78.08056,5
RUS,339811200000,46.75700,48.27500,8.5
RUS,340070400000,73.33600,54.94000,130
RUS,340070400000,73.33600,54.94000,20
RUS,340070400000,73.33600,54.94000,20
RUS,340070400000,73.33600,54.94000,150
RUS,340070400000,73.30000,54.90000,20
RUS,340070400000,73.30000,54.90000,20
RUS,340070400000,73.30000,54.90000,20
RUS,340156800000,49.96750,79.02250,102
RUS,340156800000,49.96750,79.02250,150
RUS,341107200000,49.75167,78.13167,20
RUS,341884800000,60.80000,97.55000,8
RUS,344822400000,49.75167,78.13167,0.1
RUS,344822400000,49.83083,78.11389,20
RUS,344822400000,49.83083,78.11389,20
RUS,344822400000,49.83083,78.11389,20
RUS,345254400000,61.75000,66.75000,15
RUS,345600000000,49.90889,78.91861,101
RUS,345600000000,49.90889,78.91861,20
RUS,345600000000,49.90889,78.91861,150
RUS,346636800000,49.82611,78.09194,2
RUS,346723200000,50.06194,78.97528,100
RUS,346723200000,50.06194,78.97528,20
RUS,354326400000,49.82333,78.04167,0.001
RUS,354672000000,50.01806,78.97881,30
RUS,354672000000,50.01806,78.97881,20
RUS,354672000000,50.01806,78.97881,20
RUS,356745600000,49.89889,78.80861,92
RUS,356745600000,49.89889,78.80861,20
RUS,356745600000,49.89889,78.80861,20
RUS,359596800000,68.20000,53.50000,37.6
RUS,359769600000,49.98694,78.97056,20
RUS,360460800000,49.82333,78.04167,0.001
RUS,362707200000,49.76750,78.08083,12
RUS,362707200000,49.76750,78.08083,20
RUS,364176000000,49.80139,78.13139,9.3
RUS,366595200000,49.75222,78.05306,5.6
RUS,366595200000,49.75222,78.05306,20
RUS,366595200000,49.75222,78.05306,20
RUS,368236800000,60.60000,55.70000,3.2
RUS,369187200000,49.91333,78.89444,150
RUS,370310400000,46.79000,48.31300,8.5
RUS,370310400000,46.77100,48.30400,8.5
RUS,370742400000,73.30400,54.81800,140
RUS,370742400000,73.30400,54.81800,20
RUS,370742400000,73.30400,54.81800,20
RUS,370742400000,73.30400,54.81800,20
RUS,372038400000,49.83417,78.08028,0.001
RUS,372211200000,49.92806,78.84472,107
RUS,372211200000,49.92806,78.84472,20
RUS,372556800000,63.80000,97.55000,8.5
RUS,375062400000,49.73667,78.10417,8
RUS,375062400000,49.73667,78.10417,20
RUS,375840000000,49.90194,78.84889,31
RUS,375840000000,49.90194,78.84889,20
RUS,375840000000,49.90194,78.84889,20
RUS,377827200000,49.83417,78.08028,7
RUS,377827200000,49.83417,78.08028,20
RUS,377827200000,49.83417,78.08028,20
RUS,378259200000,49.93306,78.77833,150
RUS,382924800000,49.82333,78.03333,24
RUS,382924800000,49.82333,78.03333,20
RUS,386899200000,49.83400,78.08000,0
RUS,388540800000,49.91694,78.88778,145
RUS,388540800000,49.91694,78.88778,150
RUS,388540800000,49.91694,78.88778,150
RUS,393811200000,49.77139,78.11083,2.4
RUS,393811200000,49.77139,78.11083,20
RUS,394588800000,49.95861,78.81167,136
RUS,394588800000,49.95861,78.81167,150
RUS,394588800000,49.95861,78.81167,20
RUS,396835200000,53.80000,104.15000,8.5
RUS,398908800000,49.74028,78.03083,1.7
RUS,398908800000,49.74028,78.03083,20
RUS,399600000000,49.91417,78.76139,8
RUS,399600000000,49.91417,78.76139,20
RUS,399945600000,69.20000,81.65000,16
RUS,401414400000,49.77917,78.12472,12
RUS,401414400000,49.77917,78.12472,20
RUS,401760000000,64.35000,91.80000,8.5
RUS,403056000000,61.55000,112.85000,15
RUS,403142400000,73.33900,54.60800,80
RUS,403142400000,73.33900,54.60800,150
RUS,403142400000,73.33900,54.60800,20
RUS,403142400000,73.33900,54.60800,20
RUS,403574400000,46.75900,48.24700,13.5
RUS,403574400000,46.75200,48.25800,8.5
RUS,403574400000,46.76600,48.28800,8.5
RUS,403574400000,46.76000,48.30000,8.5
RUS,407894400000,49.93083,78.80972,119
RUS,407894400000,49.93083,78.80972,20
RUS,409622400000,49.78111,78.03500,1.7
RUS,409622400000,49.78111,78.03500,20
RUS,409708800000,50.06306,78.99389,21
RUS,409708800000,50.06306,78.99389,21
RUS,416188800000,49.82333,78.03333,0.001
RUS,417830400000,49.78500,78.04056,2.7
RUS,418867200000,49.82300,78.03300,0
RUS,418953600000,49.78556,78.08472,3
RUS,423100800000,49.74111,78.12028,20
RUS,423100800000,49.74111,78.12028,20
RUS,423964800000,49.82300,78.03300,0
RUS,424224000000,49.92500,78.89806,138
RUS,424224000000,49.92500,78.89806,20
RUS,425260800000,49.73972,78.03583,1.8
RUS,426643200000,51.36300,53.30600,15
RUS,426643200000,51.36700,53.32700,15
RUS,426643200000,51.38000,53.34000,15
RUS,430012800000,73.35400,54.97400,150
RUS,430012800000,73.35400,54.97400,20
RUS,430012800000,73.35400,54.97400,20
RUS,430012800000,73.35400,54.97400,20
RUS,430012800000,73.35400,54.97400,20
RUS,432086400000,49.78472,78.08417,1.9
RUS,433209600000,46.78300,48.31500,8.5
RUS,433209600000,46.78800,48.29700,8.5
RUS,433209600000,46.76700,48.31000,8.5
RUS,433209600000,46.74900,48.30300,8.5
RUS,433209600000,46.75400,48.28900,8.5
RUS,433209600000,46.76600,48.27400,8.5
RUS,433296000000,73.32800,54.54100,100
RUS,433296000000,73.32800,54.54100,20
RUS,433296000000,73.32800,54.54100,20
RUS,433296000000,73.32800,54.54100,20
RUS,434246400000,49.92458,78.75069,82
RUS,434246400000,49.92458,78.75069,20
RUS,435974400000,49.91250,78.82167,114
RUS,436579200000,49.77917,78.12472,20
RUS,438134400000,50.05083,78.99917,20
RUS,438134400000,50.05083,78.99917,20
RUS,438912000000,49.73028,78.09583,20
RUS,438912000000,49.75861,78.04861,19
RUS,438912000000,49.75861,78.04861,20
RUS,441244800000,49.79000,78.10917,30
RUS,445996800000,49.89611,78.74306,49
RUS,447465600000,50.05000,78.95611,42
RUS,449366400000,49.91111,78.92694,83
RUS,450835200000,49.76056,78.08917,60
RUS,450835200000,49.76056,78.08917,20
RUS,451699200000,49.93583,78.85056,76
RUS,451699200000,49.93583,78.85056,20
RUS,454377600000,49.97889,79.00556,130
RUS,454377600000,49.97889,79.00556,20
RUS,455414400000,49.79000,78.10900,0
RUS,458611200000,49.90944,78.87722,135
RUS,458611200000,49.90944,78.87722,20
RUS,459216000000,51.35800,53.31900,15
RUS,459216000000,51.37100,53.33700,15
RUS,459216000000,51.39100,53.35100,15
RUS,461030400000,65.05000,55.10000,85
RUS,462240000000,61.90000,72.10000,8.5
RUS,462326400000,73.40000,54.80000,0.6
RUS,462412800000,67.75000,33.00000,1.7
RUS,462412800000,67.75000,33.00000,1.7
RUS,462499200000,60.30000,57.10000,3.2
RUS,462499200000,60.70000,57.50000,3.2
RUS,463536000000,49.80444,78.08750,6
RUS,463536000000,49.80444,78.08750,20
RUS,463536000000,49.80444,78.08750,20
RUS,463536000000,49.80444,78.08750,20
RUS,464227200000,55.83400,87.52600,10
RUS,466905600000,49.72944,78.08639,1.4
RUS,467510400000,73.35500,54.99000,110
RUS,467510400000,73.35500,54.99000,20
RUS,467510400000,73.35500,54.99000,20
RUS,467510400000,73.35500,54.99000,150
RUS,467510400000,49.79000,78.10900,0
RUS,467683200000,49.93472,78.92806,150
RUS,467683200000,46.90000,48.15000,3.2
RUS,467683200000,46.95000,48.10000,3.2
RUS,470016000000,49.81250,78.05944,1.4
RUS,470016000000,49.81250,78.05944,20
RUS,470016000000,49.81250,78.05944,20
RUS,470793600000,50.00611,79.00889,79
RUS,470793600000,50.00611,79.00889,20
RUS,472003200000,49.94583,78.80861,137
RUS,472003200000,49.94583,78.80861,20
RUS,473040000000,49.88028,78.70389,105
RUS,473040000000,49.88028,78.70389,20
RUS,476841600000,49.89917,78.78056,62
RUS,476841600000,49.89917,78.78056,20
RUS,476841600000,49.89917,78.78056,150
RUS,483235200000,49.92667,78.88083,74
RUS,483235200000,49.92667,78.88083,150
RUS,487641600000,49.90861,78.84278,114
RUS,487641600000,49.90861,78.84278,20
RUS,487641600000,49.92028,78.81944,20
RUS,487900800000,60.60000,72.70000,2.5
RUS,488937600000,49.86444,78.66861,86
RUS,488937600000,49.86444,78.66861,150
RUS,489888000000,49.75056,78.04917,0.5
RUS,490492800000,65.99400,41.03800,8.5
RUS,490579200000,49.80111,78.06861,20
RUS,490665600000,49.94972,78.78389,74
RUS,491097600000,49.81860,78.01640,5
RUS,491097600000,49.81860,78.01640,20
RUS,491097600000,49.81860,78.01640,20
RUS,491097600000,49.81860,78.01640,20
RUS,541296000000,49.83417,78.08111,24
RUS,542505600000,49.93528,78.82889,11
RUS,542505600000,49.93528,78.82889,20
RUS,544406400000,49.91806,78.78028,140
RUS,544406400000,49.75389,78.11444,1
RUS,544406400000,49.75389,78.11444,20
RUS,544406400000,49.75389,78.11444,20
RUS,545616000000,49.87778,78.66889,86
RUS,545616000000,49.87778,78.66889,20
RUS,545616000000,49.87778,78.66889,20
RUS,545616000000,49.75100,78.04900,0
RUS,545788800000,60.60000,57.20000,3.2
RUS,545788800000,60.80000,57.50000,3.2
RUS,547257600000,49.77583,78.01222,40
RUS,549936000000,49.83667,78.06167,24
RUS,551145600000,49.93528,78.74417,107
RUS,551145600000,49.93528,78.74417,20
RUS,552614400000,61.50000,112.85000,15
RUS,553478400000,49.77583,78.01972,78
RUS,554083200000,61.45000,112.80000,15
RUS,554860800000,49.88056,78.87472,72
RUS,554860800000,49.88056,78.87472,150
RUS,554860800000,49.88056,78.87472,150
RUS,554860800000,73.32600,54.60200,150
RUS,554860800000,73.32600,54.60200,20
RUS,554860800000,73.32600,54.60200,150
RUS,554860800000,73.32600,54.60200,20
RUS,554860800000,73.32600,54.60200,20
RUS,555724800000,61.45000,112.80000,3.2
RUS,558921600000,49.80444,78.08750,1.1
RUS,558921600000,49.80444,78.08750,20
RUS,560217600000,47.60000,56.20000,8.5
RUS,561340800000,49.72972,78.08667,1.1
RUS,563932800000,49.89861,78.75806,103
RUS,563932800000,49.89861,78.75806,20
RUS,566352000000,49.96306,78.79306,137
RUS,566352000000,49.96306,78.79306,150
RUS,566956800000,49.77583,78.01222,5
RUS,567561600000,49.87944,78.72500,117
RUS,567561600000,49.87944,78.72500,20
RUS,571104000000,49.77583,78.01972,5
RUS,571104000000,49.77583,78.01972,0.001
RUS,571104000000,49.77583,78.01972,0.001
RUS,571708800000,49.93667,78.86389,125
RUS,571708800000,49.93667,78.86389,20
RUS,576028800000,49.90833,78.90833,135
RUS,577670400000,49.79028,78.10694,2.3
RUS,578707200000,49.94944,78.75028,132
RUS,578966400000,73.31400,54.55300,80
RUS,578966400000,73.31400,54.55300,20
RUS,578966400000,73.31400,54.55300,20
RUS,582249600000,50.01889,78.96056,4
RUS,588211200000,66.28000,78.49100,15
RUS,589507200000,61.36100,48.09200,8.5
RUS,590198400000,49.87778,78.82306,150
RUS,593136000000,49.78000,78.01722,6
RUS,595296000000,50.04306,78.96889,15
RUS,596246400000,49.77944,78.03722,19
RUS,596246400000,49.77944,78.03722,20
RUS,596246400000,49.77944,78.03722,0.001
RUS,597196800000,73.36600,55.00100,140
RUS,597196800000,73.36600,55.00100,20
RUS,597196800000,73.36600,55.00100,20
RUS,597196800000,73.36600,55.00100,20
RUS,597196800000,73.36600,55.00100,0.001
RUS,598320000000,49.88194,78.92472,68
RUS,598320000000,49.88194,78.92472,20
RUS,599270400000,49.80111,78.06861,0.2
RUS,599270400000,49.80111,78.06861,20
RUS,601430400000,49.93944,78.81944,118
RUS,601430400000,49.93944,78.81944,150
RUS,603244800000,49.91861,78.71111,63
RUS,603676800000,49.82778,78.05972,10
RUS,615859200000,49.86778,78.78028,22
RUS,620697600000,50.00583,78.98556,6
RUS,620697600000,50.00583,78.98556,20
RUS,623462400000,49.74980,78.01170,4
RUS,624758400000,49.92222,78.90833,85
RUS,624758400000,49.92222,78.90833,20
RUS,624758400000,49.92222,78.90833,20
RUS,656726400000,73.33100,54.75700,70
RUS,656726400000,73.33100,54.75700,20
RUS,656726400000,73.33100,54.75700,20
RUS,656726400000,73.33100,54.75700,20
RUS,656726400000,73.33100,54.75700,20
RUS,656726400000,73.33100,54.75700,0.001
RUS,656726400000,73.33100,54.75700,0.001
RUS,656726400000,73.33100,54.75700,0.001
GBR,-544233600000,-20.39700,115.55840,25
GBR,-511747200000,-28.69850,132.37160,10
GBR,-510710400000,-28.71230,132.37730,8
GBR,-430099200000,-20.38190,115.54790,15
GBR,-427161600000,-20.40610,115.53610,98
GBR,-418521600000,-29.86880,131.65940,15
GBR,-417916800000,-29.88180,131.62470,1.5
GBR,-417312000000,-29.88800,131.65000,3
GBR,-416361600000,-29.89290,131.60480,10
GBR,-398649600000,-4.05000,-154.90000,300
GBR,-397267200000,-4.05000,-154.90000,720
GBR,-395625600000,-4.05000,-154.90000,200
GBR,-388108800000,-29.88980,131.64670,0.93
GBR,-387158400000,-29.89260,131.61760,6
GBR,-385948800000,-29.89480,131.59160,26.6
GBR,-383356800000,1.67000,-157.25000,1800
GBR,-368582400000,1.67000,-157.25000,3000
GBR,-358560000000,1.67000,-157.25000,24
GBR,-357609600000,1.67000,-157.25000,1000
GBR,-356832000000,1.67000,-157.25000,800
GBR,-355795200000,1.67000,-157.25000,25
GBR,-247363200000,37.04128,-116.02867,9.5
GBR,-223084800000,37.05175,-116.02931,10
GBR,-172281600000,37.01761,-116.02956,2
GBR,-166233600000,37.07247,-116.01539,0
GBR,-135993600000,37.07797,-116.01672,29
GBR,138499200000,37.12449,-116.07888,20
GBR,209865600000,37.12501,-116.08200,51
GBR,261100800000,37.29963,-116.32670,67
GBR,280195200000,37.12687,-116.08387,38
GBR,304732800000,37.12122,-116.06659,20
GBR,325555200000,37.24843,-116.42240,140
GBR,341193600000,37.07458,-115.99926,10
GBR,345859200000,37.32478,-116.31173,35
GBR,374371200000,37.10815,-116.04898,77
GBR,388540800000,37.25584,-116.42236,89
GBR,419817600000,37.11150,-116.02240,1.5
GBR,452217600000,37.10622,-116.02238,77
GBR,471398400000,37.27008,-116.49758,103
GBR,502588800000,37.05327,-116.04537,110
GBR,520041600000,37.26459,-116.49931,89
GBR,553392000000,37.10355,-116.02335,20
GBR,629078400000,37.23109,-116.40939,120
GBR,658540800000,37.22742,-116.37124,103
GBR,691113600000,37.09649,-116.06961,11
FRA,-311904000000,26.31170,-0.05720,65
FRA,-307756800000,26.16610,-0.10250,10
FRA,-284428800000,26.35360,-0.12360,3
FRA,-274147200000,26.32170,-0.07330,0.5
FRA,-257212800000,24.05710,5.05210,10
FRA,-242092800000,24.06300,5.04180,40
FRA,-214358400000,24.04130,5.05210,10
FRA,-213321600000,24.04330,5.05700,2.5
FRA,-195696000000,24.03550,5.03860,52
FRA,-185587200000,24.05360,5.05230,3.7
FRA,-175046400000,24.06660,5.03450,2.5
FRA,-160704000000,24.04180,5.04160,10
FRA,-152841600000,24.05870,5.03110,127
FRA,-144892800000,24.05500,5.05080,2.5
FRA,-134179200000,24.06490,5.03400,2.5
FRA,-128908800000,24.04370,5.04690,10
FRA,-122256000000,24.04410,5.04120,13
FRA,-110505600000,-21.87000,-139.00000,28
FRA,-109036800000,-21.80000,-138.90000,50
FRA,-108864000000,-21.79000,-138.91000,0
FRA,-104371200000,-21.83000,-138.88000,110
FRA,-103248000000,-22.23000,-138.73000,125
FRA,-102384000000,-21.87000,-139.00000,205
FRA,-81302400000,-21.78900,-138.89500,15
FRA,-79401600000,-21.86500,-139.00000,120
FRA,-78969600000,-21.79500,-138.89200,22
FRA,-46915200000,-21.83000,-138.88000,115
FRA,-46224000000,-21.83000,-138.88000,450
FRA,-44582400000,-21.83000,-138.88000,150
FRA,-42768000000,-22.22800,-138.64400,2600
FRA,-41472000000,-21.82100,-138.97500,1280
FRA,11577600000,-21.83000,-138.88000,13
FRA,12182400000,-21.83000,-138.88000,224
FRA,12873600000,-22.30900,-138.60600,945
FRA,15033600000,-21.83000,-138.88000,12
FRA,15811200000,-21.93500,-138.91700,914
FRA,17884800000,-21.83000,-138.88000,0.05
FRA,18403200000,-21.78600,-138.89300,72
FRA,18748800000,-21.83000,-138.88000,594
FRA,44928000000,-21.83000,-138.88000,34
FRA,45532800000,-23.80000,-137.20000,440
FRA,47433600000,-21.83000,-138.88000,9
FRA,50457600000,-21.83000,-138.88000,4
FRA,50976000000,-21.82300,-138.97600,955
FRA,78278400000,-21.83000,-138.88000,0.5
FRA,78710400000,-21.83000,-138.88000,4
FRA,81043200000,-21.83000,-138.88000,6
FRA,81388800000,-21.79000,-138.91000,0.001
FRA,112060800000,-21.83000,-138.88000,11
FRA,112665600000,-21.83000,-138.88000,0.05
FRA,114480000000,-21.83000,-138.88000,4
FRA,114998400000,-21.83000,-138.88000,0.2
FRA,115344000000,-21.83000,-138.88000,6.6
FRA,116726400000,-21.79000,-138.91000,0
FRA,140572800000,-21.83000,-138.88000,4
FRA,141868800000,-21.79000,-138.91000,0
FRA,142387200000,-21.83000,-138.88000,150
FRA,143251200000,-21.83000,-138.88000,4
FRA,143942400000,-21.83000,-138.88000,8
FRA,144201600000,-21.79000,-138.91000,0.001
FRA,145670400000,-21.83000,-138.88000,96
FRA,146534400000,-21.83000,-138.88000,14
FRA,148348800000,-21.87100,-139.01000,332
FRA,171158400000,-22.28000,-138.74000,5
FRA,186192000000,-22.28000,-138.74000,5
FRA,197337600000,-21.83000,-138.88000,1
FRA,205891200000,-21.86300,-138.78600,12
FRA,206841600000,-21.80000,-138.90000,0
FRA,215481600000,-21.80000,-138.90000,1
FRA,218592000000,-21.80000,-138.90000,1
FRA,225158400000,-21.84000,-138.84800,5
FRA,227577600000,-21.88700,-138.92000,47
FRA,228787200000,-21.80000,-138.90000,1
FRA,236304000000,-21.80000,-138.90000,0
FRA,236995200000,-21.78300,-138.96000,20
FRA,237513600000,-21.80000,-138.90000,0
FRA,248140800000,-21.80000,-138.90000,5
FRA,249177600000,-21.88400,-138.88600,50
FRA,251164800000,-21.80000,-138.90000,5
FRA,257385600000,-21.80000,-138.90000,1
FRA,259372800000,-21.70500,-138.93400,5
FRA,259632000000,-21.80000,-138.90000,1
FRA,268099200000,-21.80000,-138.90000,1
FRA,269654400000,-21.80000,-138.90000,5
FRA,270259200000,-21.80000,-138.90000,4
FRA,278812800000,-21.80000,-138.90000,3
FRA,279849600000,-21.80000,-138.90000,0
FRA,281232000000,-21.86800,-138.95000,64
FRA,282700800000,-21.80000,-138.90000,5
FRA,282873600000,-21.76800,-138.93400,12
FRA,289094400000,-21.80000,-138.90000,8
FRA,289785600000,-21.80000,-138.90000,14
FRA,291081600000,-21.80600,-138.93300,8
FRA,292032000000,-21.85000,-138.70200,6
FRA,298512000000,-21.81000,-138.80900,5
FRA,299462400000,-21.81800,-138.90300,28
FRA,301708800000,-21.88000,-138.94000,112
FRA,301968000000,-21.80900,-138.81200,5
FRA,311817600000,-21.80000,-138.90000,1
FRA,312076800000,-21.80000,-138.90000,4
FRA,320112000000,-21.80000,-138.90000,2
FRA,320889600000,-21.80000,-138.90000,5
FRA,322617600000,-21.86100,-138.93900,80
FRA,323395200000,-21.84500,-138.75800,18
FRA,323654400000,-21.92100,-138.79900,5
FRA,329961600000,-21.87000,-138.89900,26
FRA,330393600000,-21.80000,-138.90000,9
FRA,331689600000,-21.84900,-138.84800,5
FRA,331948800000,-21.80000,-138.90000,0
FRA,332812800000,-21.86100,-138.93400,80
FRA,343958400000,-21.80000,-138.90000,2
FRA,344649600000,-21.87500,-138.93900,51
FRA,352080000000,-21.80000,-138.90000,5
FRA,352684800000,-21.80000,-138.90000,2
FRA,354585600000,-21.79000,-138.67800,5
FRA,355708800000,-21.79500,-138.94600,8
FRA,363398400000,-21.79100,-139.04600,20
FRA,363657600000,-21.80000,-138.90000,5
FRA,364262400000,-21.80000,-138.90000,2
FRA,365644800000,-21.82400,-138.90300,20
FRA,373852800000,-21.80000,-138.90000,1
FRA,374284800000,-21.85600,-138.95400,5
FRA,376358400000,-21.68500,-138.93300,5
FRA,376617600000,-21.79700,-138.92700,15
FRA,383011200000,-21.80000,-138.90000,3
FRA,383356800000,-21.80000,-138.90000,1
FRA,385430400000,-21.84600,-138.86800,17
FRA,385689600000,-21.80000,-138.90000,0.5
FRA,386380800000,-21.80000,-138.90000,0
FRA,393984000000,-21.80000,-138.90000,2
FRA,394329600000,-21.76900,-138.94600,20
FRA,396057600000,-21.80000,-138.90000,2
FRA,396403200000,-21.83600,-138.89600,56
FRA,407203200000,-21.80000,-138.90000,0.5
FRA,419558400000,-21.81900,-138.87200,40
FRA,420076800000,-21.80000,-138.90000,0.25
FRA,422668800000,-21.86100,-138.91700,42
FRA,424742400000,-21.80000,-138.90000,3
FRA,425606400000,-21.76700,-138.87100,20
FRA,427507200000,-21.80000,-138.90000,10
FRA,428803200000,-21.83500,-138.82900,20
FRA,439257600000,-21.80000,-138.90000,4
FRA,439603200000,-21.82900,-138.92800,15
FRA,452822400000,-21.80000,-138.90000,5
FRA,453168000000,-21.86300,-138.90100,56
FRA,455846400000,-21.80000,-138.90000,5
FRA,456192000000,-21.84900,-138.88000,34
FRA,467683200000,-22.06400,-138.47700,5
FRA,468201600000,-21.85700,-138.92000,34
FRA,470707200000,-21.80000,-138.90000,0.5
FRA,471139200000,-21.83700,-138.89000,53
FRA,483667200000,-21.82900,-138.95200,13
FRA,484358400000,-21.83100,-138.98100,80
FRA,486604800000,-21.81600,-138.89700,11
FRA,486950400000,-21.80000,-138.90000,5
FRA,498960000000,-21.80000,-138.90000,2
FRA,499132800000,-21.84900,-138.81500,20
FRA,501638400000,-21.80200,-138.78100,5
FRA,501811200000,-21.85600,-138.89900,54
FRA,514857600000,-21.72500,-138.94100,5
FRA,515721600000,-21.80000,-138.90000,5
FRA,517536000000,-21.80000,-138.90000,5
FRA,517795200000,-21.86200,-138.94900,30
FRA,531964800000,-21.80000,-138.90000,5
FRA,532137600000,-21.84300,-138.92700,20
FRA,534211200000,-21.80000,-138.90000,5
FRA,534556800000,-21.83300,-138.89200,32
FRA,547171200000,-21.70500,-138.58100,5
FRA,548467200000,-21.85000,-138.91300,30
FRA,549936000000,-21.76900,-138.87400,5
FRA,551232000000,-21.86500,-138.89100,20
FRA,561945600000,-21.84500,-138.90700,51
FRA,563068800000,-21.79100,-138.87400,18
FRA,564278400000,-21.84500,-138.94100,62
FRA,565142400000,-21.80000,-138.90000,5
FRA,579312000000,-21.83300,-138.94500,20
FRA,580521600000,-21.84500,-138.96100,80
FRA,582422400000,-21.75000,-139.00000,5
FRA,583027200000,-21.84600,-138.91100,20
FRA,593740800000,-21.80000,-138.90000,2
FRA,594691200000,-21.79300,-138.98700,47
FRA,596246400000,-21.83500,-138.95400,45
FRA,596851200000,-22.23300,-138.74000,103
FRA,610848000000,-21.81200,-138.88400,16
FRA,611625600000,-21.80000,-138.90000,2
FRA,612835200000,-21.84200,-138.92200,20
FRA,613440000000,-22.21700,-138.72100,80
FRA,625190400000,-21.85200,-138.91200,24
FRA,625795200000,-21.79300,-138.85500,20
FRA,627523200000,-21.79300,-138.88400,20
FRA,627955200000,-21.80000,-138.90000,0
FRA,628128000000,-22.25100,-138.72200,87
FRA,644284800000,-21.87700,-138.91800,20
FRA,644716800000,-21.80000,-138.90000,5
FRA,646358400000,-22.21500,-138.84100,100
FRA,647049600000,-21.85000,-139.04200,18
FRA,658540800000,-22.25800,-138.80500,118
FRA,659145600000,-21.93600,-138.96700,36
FRA,673574400000,-21.80000,-138.90000,1
FRA,674524800000,-21.83200,-139.01400,20
FRA,675475200000,-22.25600,-138.79400,106
FRA,676857600000,-21.94400,-138.98800,28
FRA,678672000000,-21.80000,-138.90000,0.3
FRA,679536000000,-21.87700,-138.96300,34
FRA,810259200000,-21.85000,-138.84000,8
FRA,812505600000,-22.25000,-138.74000,97
FRA,814752000000,-21.89000,-138.98000,39
FRA,816912000000,-21.88000,-139.03000,20
FRA,820022400000,-21.88000,-138.97000,21
FRA,822700800000,-22.24000,-138.82000,46
CHN,-164419200000,42.35000,88.30000,22
CHN,-146275200000,41.50000,88.50000,35
CHN,-115171200000,41.50000,88.50000,250
CHN,-100396800000,41.50000,88.50000,12
CHN,-95040000000,41.50000,88.50000,300
CHN,-80265600000,40.74400,89.77500,3300
CHN,-63849600000,41.50000,88.50000,20
CHN,-31968000000,41.50000,88.50000,3000
CHN,-8726400000,41.37600,88.31800,19.2
CHN,-8121600000,40.72200,89.51500,3000
CHN,24710400000,40.52000,89.77900,3400
CHN,59270400000,41.50000,88.50000,20
CHN,63590400000,41.50000,88.50000,8
CHN,69724800000,41.50000,88.50000,170
CHN,109987200000,40.79850,89.80910,3000
CHN,140659200000,40.51800,89.61900,1000
CHN,183600000000,41.37500,88.32600,2.5
CHN,191203200000,41.50000,88.50000,20
CHN,212544000000,41.50000,88.50000,200
CHN,214358400000,41.70800,88.37000,2.6
CHN,217036800000,40.69600,89.62700,4000
CHN,243302400000,41.50000,88.50000,20
CHN,258768000000,41.50000,88.50000,11
CHN,277171200000,41.52300,88.72200,3.4
CHN,282441600000,41.50000,88.50000,20
CHN,286761600000,41.50000,88.50000,1
CHN,306028800000,41.50000,88.50000,20
CHN,340502400000,40.71900,89.65100,1000
CHN,402624000000,41.50000,88.50000,7
CHN,420854400000,41.67900,88.36800,1
CHN,434246400000,41.53800,88.71400,100
CHN,465609600000,41.57130,88.72160,70
CHN,472262400000,41.73700,88.42500,15
CHN,549849600000,41.51800,88.71300,250
CHN,591494400000,41.76800,88.38000,3
CHN,643680000000,41.56900,88.70100,65
CHN,650764800000,41.51400,88.73900,189
CHN,706406400000,41.51300,88.77400,660
CHN,717379200000,41.71600,88.33600,8
CHN,720662400000,41.50000,88.50000,1
CHN,749779200000,41.66700,88.69500,80
CHN,771206400000,41.53000,88.71000,90
CHN,781488000000,41.66000,88.75000,90
CHN,800496000000,41.60000,88.82000,95
CHN,808617600000,41.56000,88.80000,90
CHN,834192000000,41.66000,88.69000,50
CHN,834192000000,41.66000,88.69000,0
CHN,838598400000,41.82000,88.42000,3
IND,138067200000,27.09500,71.75200,12
IND,894844800000,27.07160,71.76120,43
IND,894844800000,27.07200,71.76100,12
IND,894844800000,27.07200,71.76100,0.2
IND,895017600000,27.10000,71.80000,0.5
IND,895017600000,27.10000,71.80000,0.3
PAK,896313600000,28.79190,64.94750,32
PAK,896313600000,28.79190,64.94750,1
PAK,896313600000,28.79190,64.94750,1
PAK,896313600000,28.79190,64.94750,1
PAK,896313600000,28.79190,64.94750,1
PAK,896486400000,28.49000,63.73000,18
PAK,896486400000,28.49000,63.73000,0
PRK,1160352000000,41.29,129.09,0.5
PRK,1243209600000,41.306,129.029,4
