country,year,militaryExpenditures,militaryPersonnel,energyConsumption,population
USA,1816,3823,17,254,8659
USA,1817,2466,15,277,8899
USA,1818,1910,14,302,9139
USA,1819,2301,13,293,9379
USA,1820,1556,15,303,9618
USA,1821,1612,11,321,9939
USA,1822,1079,10,332,10268
USA,1823,1170,11,345,10596
USA,1824,1261,11,390,10924
USA,1825,1336,11,424,11252
USA,1826,1658,12,502,11580
USA,1827,1663,12,556,11909
USA,1828,1622,11,609,12237
USA,1829,1678,12,686,12565
USA,1830,1687,12,799,12901
USA,1831,1835,11,864,13321
USA,1832,1896,12,1154,13742
USA,1833,2445,13,1348,14162
USA,1834,2073,13,1291,14582
USA,1835,2001,14,1650,15003
USA,1836,2571,17,1807,15423
USA,1837,3121,22,2027,15843
USA,1838,3083,18,1922,16264
USA,1839,2012,19,2159,16684
USA,1840,2755,22,2244,17120
USA,1841,3042,21,2374,17733
USA,1842,3011,23,2643,18345
USA,1843,1364,21,2967,18957
USA,1844,2432,21,3557,19569
USA,1845,3534,21,4284,20182
USA,1846,9506,39,4863,20794
USA,1847,7431,58,5767,21406
USA,1848,8106,60,6424,22018
USA,1849,3558,23,6976,22631
USA,1850,4302,21,7607,23261
USA,1851,3525,21,9438,24086
USA,1852,4226,21,10270,24911
USA,1853,4605,21,11570,25736
USA,1854,5765,21,13632,26561
USA,1855,5892,26,14651,27386
USA,1856,6117,26,15378,28212
USA,1857,7499,27,15779,29037
USA,1858,7297,29,16015,29862
USA,1859,5638,29,17435,30687
USA,1860,7060,28,18282,31513
USA,1861,95362,217,17660,32351
USA,1862,136769,673,18366,33188
USA,1863,119662,960,21157,34026
USA,1864,157390,1032,22597,34863
USA,1865,30471,1063,22658,35701
USA,1866,17821,77,26846,36538
USA,1867,30698,75,28027,37376
USA,1868,20154,66,31646,38213
USA,1869,16559,52,35983,39051
USA,1870,13128,50,37779,39905
USA,1871,11811,42,39546,40938
USA,1872,14246,42,48479,41972
USA,1873,15014,43,53674,43006
USA,1874,12899,44,51736,44040
USA,1875,11720,38,52194,45073
USA,1876,10749,41,51080,46107
USA,1877,9074,34,56754,47141
USA,1878,11367,36,55588,48174
USA,1879,10527,38,67742,49208
USA,1880,11414,38,76969,50262
USA,1881,11973,38,81416,51542
USA,1882,13040,38,91087,52821
USA,1883,11425,37,97750,54100
USA,1884,11438,39,102689,55379
USA,1885,9748,39,103359,56658
USA,1886,10382,39,107964,57938
USA,1887,10765,39,123077,59217
USA,1888,12647,39,139275,60496
USA,1889,13195,39,133959,61775
USA,1890,14788,39,150826,63056
USA,1891,15315,38,162044,64361
USA,1892,15654,39,171105,65666
USA,1893,16964,39,172586,66970
USA,1894,16001,42,161748,68275
USA,1895,15187,42,182744,69580
USA,1896,16382,42,183531,70885
USA,1897,30249,44,190740,72189
USA,1898,60011,236,207271,73494
USA,1899,38588,100,236406,74799
USA,1900,41481,126,256081,76094
USA,1901,36087,112,280242,77584
USA,1902,39722,111,300106,79163
USA,1903,43814,106,356268,80632
USA,1904,47918,110,353388,82166
USA,1905,45098,108,397156,83822
USA,1906,43602,112,419190,85450
USA,1907,58725,108,487862,87008
USA,1908,54189,129,432351,88710
USA,1909,56177,142,478835,90490
USA,1910,55880,139,523027,92407
USA,1911,57157,145,521004,93863
USA,1912,58992,153,557076,95335
USA,1913,62825,155,600107,97225
USA,1914,253205,166,556778,99111
USA,1915,257648,174,580731,100546
USA,1916,277421,179,646120,101961
USA,1917,658584,644,710959,103268
USA,1918,7014226,2897,743925,103208
USA,1919,11217796,1173,648393,104514
USA,1920,1657118,343,743808,106461
USA,1921,1116342,387,622541,108538
USA,1922,860853,270,641311,110049
USA,1923,678256,247,834889,111947
USA,1924,570142,261,762070,114109
USA,1925,589706,252,790029,115829
USA,1926,558004,247,852304,117397
USA,1927,596501,249,842978,119035
USA,1928,678100,251,833446,120509
USA,1929,701300,255,903141,121767
USA,1930,699200,256,814891,123188
USA,1931,698900,253,709367,124149
USA,1932,641600,245,612400,124949
USA,1933,570400,244,649968,125690
USA,1934,803100,247,689998,126485
USA,1935,806400,252,721900,127362
USA,1936,932600,291,825460,128181
USA,1937,1032900,312,869666,128961
USA,1938,1131499,323,751346,129969
USA,1939,980000,334,829091,131028
USA,1940,1657000,458,939812,132122
USA,1941,6301000,1801,1031214,133402
USA,1942,26001000,3859,1103469,134860
USA,1943,72109000,9045,1169553,136739
USA,1944,87000000,11452,1247643,138397
USA,1945,90000000,12123,1219068,139928
USA,1946,45133984,3030,1188144,141389
USA,1947,14315999,1583,1315777,144126
USA,1948,10960998,1446,1396394,147208
USA,1949,13503000,1615,1199344,149767
USA,1950,14559000,1460,1241836,152271
USA,1951,33398000,3249,1325948,154878
USA,1952,47852000,3636,1309824,157553
USA,1953,49621008,3555,1347597,160184
USA,1954,42786000,3302,1302449,163026
USA,1955,40518000,2935,1415958,165931
USA,1956,41773008,2806,1492506,168903
USA,1957,44548000,2796,1494767,171984
USA,1958,45503008,2411,1437859,174882
USA,1959,46614000,2328,1513627,177830
USA,1960,45380000,2306,1421218,180671
USA,1961,47808000,2307,1447002,183691
USA,1962,52381008,2807,1508570,186538
USA,1963,52295008,2700,1589655,189242
USA,1964,51213008,2687,1610682,191889
USA,1965,51827008,2660,1700357,194303
USA,1966,67572000,3090,1784048,196560
USA,1967,75448000,3380,1903194,198712
USA,1968,80732000,3550,2094353,200706
USA,1969,81446000,3460,2198902,202677
USA,1970,77827008,3070,2276904,205052
USA,1971,74862000,2720,2311854,207661
USA,1972,77639000,2323,2396418,209896
USA,1973,78385000,2206,2490304,211909
USA,1974,85906000,2146,2430725,213854
USA,1975,90948000,2098,2393766,215973
USA,1976,91013000,2075,2536257,218035
USA,1977,100925000,2060,2619481,220239
USA,1978,109247000,2060,2612982,222585
USA,1979,122279000,2033,2659868,225055
USA,1980,143981000,2050,2584210,227726
USA,1981,169888000,2101,2502657,229966
USA,1982,196345000,2168,2380353,232188
USA,1983,217198000,2201,2378677,234307
USA,1984,237052000,2222,2467563,236348
USA,1985,245154000,2244,2466405,238466
USA,1986,265480000,2269,2468629,240651
USA,1987,273966000,2280,2561765,242804
USA,1988,281935000,2250,2669996,245021
USA,1989,294880000,2240,2745073,247342
USA,1990,289755000,2180,2798225,249907
USA,1991,262389000,2110,2827021,252618
USA,1992,286892000,1920,2856725,255391
USA,1993,297600000,1810,2921265,258132
USA,1994,293214000,1710,2962511,260602
USA,1995,277834000,1620,2996708,262755
USA,1996,277254000,1570,3055692,265284
USA,1997,276324000,1530,3114015,267901
USA,1998,279702000,1510,3126886,274028
USA,1999,292147000,1490,3161089,276218
USA,2000,303136000,1366,3283713,278357
USA,2001,322365000,1368,3184088,285112
USA,2002,348555000,1414,3227356,290270
USA,2003,404920000,1427,3243291,292883
USA,2004,455908000,1450,3267987,295487
USA,2005,495326000,1474,3267376,298166
USA,2006,521840000,1546,3245355,300943
USA,2007,552568000,1506,3309846,303787
USA,2008,616073000,1498,3258569,306657
USA,2009,662049000,1540,3108946,309492
USA,2010,693600000,1580,3211935,312247
USA,2011,687000000,1564,3206262,314912
USA,2012,655388000,1569,3159873,317505
GBR,1816,16942,255,22528,19520
GBR,1817,16088,190,22994,19814
GBR,1818,15039,173,23465,20105
GBR,1819,12453,143,24000,20389
GBR,1820,11748,144,24498,20686
GBR,1821,10225,139,25009,21008
GBR,1822,9335,125,25517,21339
GBR,1823,9783,125,26095,21666
GBR,1824,10386,132,26622,21978
GBR,1825,10568,132,27159,22281
GBR,1826,11475,149,27703,22576
GBR,1827,10941,155,28273,22872
GBR,1828,9459,155,28889,23190
GBR,1829,9559,148,29493,23505
GBR,1830,8491,140,29988,23815
GBR,1831,8903,150,30981,24135
GBR,1832,9332,145,31503,24373
GBR,1833,8184,144,32261,24602
GBR,1834,7919,137,33180,24862
GBR,1835,7147,136,34459,25134
GBR,1836,7721,143,35474,25316
GBR,1837,8448,143,36676,25651
GBR,1838,8531,155,37976,25904
GBR,1839,9737,159,39345,26199
GBR,1840,10028,168,40982,26488
GBR,1841,10730,173,41939,26751
GBR,1842,10836,184,42193,27004
GBR,1843,10581,158,44151,27256
GBR,1844,10032,185,45875,27525
GBR,1845,11869,178,48618,27776
GBR,1846,13117,191,50672,28002
GBR,1847,14680,193,51972,27972
GBR,1848,14883,208,53858,27820
GBR,1849,12008,203,56525,27714
GBR,1850,11606,201,59236,27524
GBR,1851,10941,198,61848,27393
GBR,1852,10132,201,64765,27448
GBR,1853,9140,213,67382,27542
GBR,1854,76329,234,70914,27658
GBR,1855,36520,329,71561,27822
GBR,1856,32369,382,73272,28011
GBR,1857,18866,272,75317,28187
GBR,1858,19531,292,73912,28390
GBR,1859,24324,315,75908,28591
GBR,1860,25007,347,80738,28778
GBR,1861,26032,316,81520,28976
GBR,1862,23575,305,82989,29245
GBR,1863,22204,312,87608,29471
GBR,1864,21878,290,90450,29681
GBR,1865,20976,296,93014,29925
GBR,1866,20828,286,95236,30148
GBR,1867,26133,283,95812,30409
GBR,1868,27264,279,97358,30690
GBR,1869,22194,270,100633,30978
GBR,1870,19917,257,103698,31257
GBR,1871,16177,241,108646,31556
GBR,1872,19853,254,112120,31874
GBR,1873,20867,252,117821,32177
GBR,1874,20839,248,115524,32501
GBR,1875,21098,245,120906,32839
GBR,1876,22307,244,120198,33200
GBR,1877,25051,251,121069,33576
GBR,1878,25926,261,119929,33943
GBR,1879,25121,260,120249,34304
GBR,1880,21448,248,131039,34623
GBR,1881,22350,247,138269,34934
GBR,1882,24028,247,139087,35206
GBR,1883,24410,239,144374,35450
GBR,1884,27051,240,140583,35724
GBR,1885,38021,256,139339,36015
GBR,1886,29412,265,137935,36313
GBR,1887,27740,273,141800,36598
GBR,1888,27136,273,147484,36881
GBR,1889,28990,275,152628,37178
GBR,1890,29602,278,156388,37485
GBR,1891,29742,281,158759,37802
GBR,1892,31871,288,156213,38134
GBR,1893,29824,294,139713,38490
GBR,1894,33168,302,159644,38859
GBR,1895,35743,309,161765,39221
GBR,1896,35253,315,165596,39599
GBR,1897,35187,319,170127,39987
GBR,1898,38741,331,170616,40381
GBR,1899,63547,331,183524,40774
GBR,1900,119587,487,185652,41155
GBR,1901,116896,521,181916,41538
GBR,1902,93419,489,188800,41893
GBR,1903,66400,416,189999,42247
GBR,1904,59715,409,190787,42610
GBR,1905,55604,394,193559,42981
GBR,1906,53899,384,200326,43360
GBR,1907,53207,369,209252,43736
GBR,1908,51755,364,204564,44124
GBR,1909,56532,381,206119,44520
GBR,1910,61417,372,208082,44916
GBR,1911,65309,376,212663,45286
GBR,1912,67957,523,202129,45436
GBR,1913,67734,533,220455,45648
GBR,1914,1678843,532,213992,46048
GBR,1915,4651398,4350,216482,44333
GBR,1916,6213396,-9,224058,43710
GBR,1917,7600458,4430,221636,43280
GBR,1918,8104264,4222,206733,43116
GBR,1919,745209,1333,201771,44599
GBR,1920,1475661,596,213247,46472
GBR,1921,824711,448,148471,47168
GBR,1922,549008,368,196303,44372
GBR,1923,584227,337,207379,44596
GBR,1924,584242,337,217763,44915
GBR,1925,580411,342,204764,45059
GBR,1926,562657,341,118535,45232
GBR,1927,567952,338,215511,45389
GBR,1928,542969,330,202956,45578
GBR,1929,534694,325,213880,45672
GBR,1930,512181,318,207452,45866
GBR,1931,489350,319,194351,46074
GBR,1932,326642,317,187893,46335
GBR,1933,333267,316,187014,46520
GBR,1934,540015,318,202870,46666
GBR,1935,646350,321,206553,46869
GBR,1936,892341,336,218275,47081
GBR,1937,1245603,350,225477,47289
GBR,1938,1863997,376,218151,48404
GBR,1939,7895671,394,219686,47762
GBR,1940,9948329,1020,232740,48226
GBR,1941,11280839,2300,228173,48216
GBR,1942,13478623,3390,224075,48400
GBR,1943,15376590,4145,225114,48789
GBR,1944,16254371,4900,228152,49016
GBR,1945,17002048,5090,210425,49182
GBR,1946,17753616,2053,214896,49217
GBR,1947,6656196,1302,223696,49520
GBR,1948,3438984,847,233072,50026
GBR,1949,3137333,770,237129,50324
GBR,1950,2376154,689,190014,50616
GBR,1951,3215782,826,211603,50562
GBR,1952,4340931,872,214654,50723
GBR,1953,4582745,865,221983,50862
GBR,1954,4409778,839,226613,51046
GBR,1955,4363684,809,232194,51199
GBR,1956,4527611,761,232317,51406
GBR,1957,4383177,702,226407,51632
GBR,1958,4469098,614,221539,51842
GBR,1959,4452225,565,216779,52128
GBR,1960,4633255,519,235677,52372
GBR,1961,4791138,475,241081,52807
GBR,1962,5092642,475,240903,53292
GBR,1963,5239560,450,247799,53625
GBR,1964,5592841,435,248282,53991
GBR,1965,5832633,425,254766,54350
GBR,1966,6032499,425,256902,54643
GBR,1967,6348674,425,244888,54959
GBR,1968,5611164,410,313904,55214
GBR,1969,5489866,390,330825,55461
GBR,1970,5866538,390,347407,55632
GBR,1971,6853483,370,359144,55928
GBR,1972,8151113,370,349523,56097
GBR,1973,8612065,377,366779,56223
GBR,1974,9730994,359,354731,56236
GBR,1975,11475228,348,342314,56226
GBR,1976,11076590,337,349764,56216
GBR,1977,11886891,326,346357,56190
GBR,1978,14618042,320,352032,56178
GBR,1979,19175649,324,366384,56240
GBR,1980,26757385,330,337510,56330
GBR,1981,25691234,341,319707,56352
GBR,1982,24169041,335,309737,56318
GBR,1983,24873196,333,312818,56377
GBR,1984,23294855,336,284477,56506
GBR,1985,24200000,334,318498,56685
GBR,1986,27344000,331,325916,56852
GBR,1987,31774000,328,334223,57009
GBR,1988,31910000,324,336596,57158
GBR,1989,31270000,318,343703,57358
GBR,1990,38520000,308,333429,57561
GBR,1991,40430000,301,345284,57801
GBR,1992,42330000,293,341540,58006
GBR,1993,34020000,271,346078,58191
GBR,1994,35409000,257,347376,58395
GBR,1995,33406000,233,349363,58606
GBR,1996,35266000,221,367380,58801
GBR,1997,35736000,218,359898,58200
GBR,1998,38093000,218,361161,58649
GBR,1999,36368000,218,360862,58744
GBR,2000,35655000,212,370218,58830
GBR,2001,34714000,211,364927,59113
GBR,2002,38141000,210,362691,59432
GBR,2003,43311000,213,367800,59698
GBR,2004,50120000,209,374852,59984
GBR,2005,56922000,206,368764,60291
GBR,2006,59926000,217,360640,60621
GBR,2007,63258000,191,356785,60970
GBR,2008,60794000,181,355688,61333
GBR,2009,59131000,160,326613,61701
GBR,2010,57796000,175,337395,62066
GBR,2011,59978000,178,314574,62427
GBR,2012,61274000,174,315502,62783
FRA,1816,10554,132,937,29480
FRA,1817,8864,131,975,29700
FRA,1818,8042,138,1015,29880
FRA,1819,9747,182,1057,30060
FRA,1820,9414,208,1100,30250
FRA,1821,8429,198,1170,30450
FRA,1822,9735,243,1245,30700
FRA,1823,13569,256,1325,30940
FRA,1824,11064,239,1410,31190
FRA,1825,10609,237,1500,31410
FRA,1826,10604,237,1597,31600
FRA,1827,10014,237,2237,31800
FRA,1828,12073,247,2379,32000
FRA,1829,11110,265,2248,32280
FRA,1830,12618,259,2531,32370
FRA,1831,18174,373,2341,32570
FRA,1832,15838,311,2554,32730
FRA,1833,14117,299,2779,32890
FRA,1834,12501,267,3224,33070
FRA,1835,11823,289,3282,33260
FRA,1836,11198,294,3773,33540
FRA,1837,11636,307,4110,33690
FRA,1838,11981,304,4292,33790
FRA,1839,12691,300,4186,33940
FRA,1840,18414,446,4254,34080
FRA,1841,20166,483,4970,34230
FRA,1842,20211,438,5211,34450
FRA,1843,18192,397,5301,34660
FRA,1844,17746,361,5504,34900
FRA,1845,17839,357,6341,35160
FRA,1846,19344,388,6640,35400
FRA,1847,20679,394,7696,35470
FRA,1848,22227,387,6095,35520
FRA,1849,19339,465,6356,35550
FRA,1850,16838,439,7191,35630
FRA,1851,16588,402,7392,35800
FRA,1852,17272,397,7955,35950
FRA,1853,17578,424,9384,36070
FRA,1854,30356,440,10830,36230
FRA,1855,43844,645,12340,36080
FRA,1856,36391,645,12870,36190
FRA,1857,22006,528,13148,36300
FRA,1858,19967,427,12941,36340
FRA,1859,32307,465,13081,36500
FRA,1860,25746,608,14260,36510
FRA,1861,26626,528,15407,37390
FRA,1862,26762,520,16258,37520
FRA,1863,27082,493,16505,37710
FRA,1864,26345,487,17490,37860
FRA,1865,23844,479,18470,38020
FRA,1866,24182,458,20124,38080
FRA,1867,29169,461,20327,38230
FRA,1868,26153,483,20881,38330
FRA,1869,23912,474,21423,38390
FRA,1870,59066,452,18950,38440
FRA,1871,54323,1000,18921,36190
FRA,1872,23643,483,22932,36140
FRA,1873,24975,534,24834,36340
FRA,1874,24764,474,23586,36490
FRA,1875,25528,485,24610,36660
FRA,1876,27541,501,24594,36830
FRA,1877,29114,523,24068,37000
FRA,1878,29956,543,24607,37180
FRA,1879,29391,525,25441,37320
FRA,1880,32816,544,28738,37450
FRA,1881,36993,578,29421,37590
FRA,1882,39695,588,31011,37730
FRA,1883,38423,516,32497,37860
FRA,1884,35795,526,31178,38010
FRA,1885,35721,519,29911,38110
FRA,1886,34895,536,29671,38230
FRA,1887,35359,519,31270,38260
FRA,1888,35068,569,32522,38290
FRA,1889,36677,589,33338,38370
FRA,1890,36771,596,36762,38380
FRA,1891,37244,605,36784,38350
FRA,1892,36900,606,36861,38360
FRA,1893,35917,610,36203,38380
FRA,1894,36617,590,38243,38420
FRA,1895,35936,586,38547,38460
FRA,1896,36062,613,39890,38550
FRA,1897,37421,623,41754,38700
FRA,1898,37337,654,43216,38820
FRA,1899,38813,654,45244,38890
FRA,1900,40569,621,48650,38940
FRA,1901,41993,603,47064,38980
FRA,1902,40335,610,44335,39050
FRA,1903,39552,614,48796,39120
FRA,1904,38956,596,47614,39190
FRA,1905,41947,626,48114,39220
FRA,1906,45662,635,51568,39270
FRA,1907,44152,619,55089,39270
FRA,1908,45054,619,55496,39370
FRA,1909,47412,641,56672,39430
FRA,1910,49539,652,57047,39540
FRA,1911,55441,638,59364,39620
FRA,1912,61367,642,60034,39670
FRA,1913,66706,632,64844,39770
FRA,1914,1235000,789,45084,33220
FRA,1915,3525000,4997,39355,33380
FRA,1916,4604000,5260,41873,32850
FRA,1917,5825000,5141,46522,32500
FRA,1918,7708000,5277,41616,32830
FRA,1919,634729,2364,44334,31970
FRA,1920,361910,1457,58353,39000
FRA,1921,318474,547,52964,39240
FRA,1922,476084,545,62354,39420
FRA,1923,418297,511,70127,39880
FRA,1924,261851,479,78234,40310
FRA,1925,324761,475,77129,40610
FRA,1926,281326,471,80133,40870
FRA,1927,452194,494,85465,40940
FRA,1928,381380,469,85223,41050
FRA,1929,377983,411,94054,41230
FRA,1930,498642,411,96188,41610
FRA,1931,495306,441,88825,41860
FRA,1932,543528,422,78905,41860
FRA,1933,524231,449,81751,41890
FRA,1934,707568,458,80930,41950
FRA,1935,867102,548,78039,41940
FRA,1936,995347,588,80015,41910
FRA,1937,890526,613,87915,41930
FRA,1938,919284,581,82599,41960
FRA,1939,1023651,581,79602,41900
FRA,1940,5707762,5000,56951,41000
FRA,1941,605022,373,48138,8000
FRA,1942,742009,-9,49025,8000
FRA,1944,1214083,579,32470,38900
FRA,1945,1230509,578,45663,39700
FRA,1946,1257334,578,70062,40280
FRA,1947,1844090,580,76580,40640
FRA,1948,910344,577,80735,41044
FRA,1949,1246614,588,92822,41400
FRA,1950,1489278,595,81344,41736
FRA,1951,2199999,620,93400,42056
FRA,1952,3018000,655,95592,42360
FRA,1953,3490000,699,92209,42652
FRA,1954,3428000,745,95660,43057
FRA,1955,2948000,802,98982,43428
FRA,1956,3653000,856,110168,43843
FRA,1957,3692000,913,109639,44311
FRA,1958,3620000,961,111257,44789
FRA,1959,3646000,992,110341,45240
FRA,1960,3897000,1025,114638,45684
FRA,1961,4128544,720,123162,46163
FRA,1962,4517387,705,129914,46998
FRA,1963,4670207,735,142992,47816
FRA,1964,4964419,690,151682,48310
FRA,1965,5167691,585,159093,48758
FRA,1966,5446060,580,163383,49164
FRA,1967,5881679,595,175535,49548
FRA,1968,5896937,570,195043,49914
FRA,1969,5761015,570,213215,50315
FRA,1970,5933017,570,234993,50768
FRA,1971,6296947,565,243171,51249
FRA,1972,7531669,560,256787,51703
FRA,1973,9493489,581,282083,52131
FRA,1974,9954053,585,272560,52492
FRA,1975,13034714,585,242028,52699
FRA,1976,13369110,585,275021,52909
FRA,1977,15015875,584,271366,53145
FRA,1978,18874092,581,278029,53376
FRA,1979,22667529,578,303050,53606
FRA,1980,26424988,575,275971,53880
FRA,1981,23867415,575,243619,54182
FRA,1982,22523616,578,224776,54480
FRA,1983,21654890,578,215199,54728
FRA,1984,20212036,571,216305,55026
FRA,1985,16716000,563,217039,55284
FRA,1986,24230000,558,211758,55547
FRA,1987,29580000,559,204693,55824
FRA,1988,30700000,558,209260,56118
FRA,1989,28580000,558,224036,56423
FRA,1990,34790000,554,233006,56735
FRA,1991,37340000,554,249514,57055
FRA,1992,34870000,542,242844,57374
FRA,1993,37200000,506,244071,57654
FRA,1994,45184000,506,238461,57900
FRA,1995,47768000,504,248004,58139
FRA,1996,47401000,501,265647,58375
FRA,1997,41523000,475,263610,58607
FRA,1998,40834000,449,276189,58683
FRA,1999,37811000,421,263142,58886
FRA,2000,34053000,294,270583,59080
FRA,2001,32909000,274,272497,59454
FRA,2002,36492000,260,264703,60048
FRA,2003,46232000,259,277592,60528
FRA,2004,52704000,257,280858,61003
FRA,2005,53181000,255,282745,61445
FRA,2006,54321000,255,273570,61845
FRA,2007,60662000,255,272349,62211
FRA,2008,67185000,255,277413,62553
FRA,2009,54446000,353,255265,62888
FRA,2010,51978000,353,256813,63231
FRA,2011,53475000,239,238783,63582
FRA,2012,50283000,239,234432,63937
RUS,1816,10582,800,15,45900
RUS,1817,8425,700,15,46600
RUS,1818,8833,600,14,47200
RUS,1819,8942,596,14,47900
RUS,1820,9317,772,14,48600
RUS,1821,9654,949,14,49300
RUS,1822,8796,1001,14,50100
RUS,1823,9261,684,14,50800
RUS,1824,7510,1032,27,51500
RUS,1825,7476,860,27,52300
RUS,1826,7376,578,27,53000
RUS,1827,7880,675,26,53800
RUS,1828,7587,624,26,54600
RUS,1829,8079,803,26,55300
RUS,1830,7780,826,26,56100
RUS,1831,8058,851,25,56900
RUS,1832,8662,875,25,57700
RUS,1833,8671,900,25,58500
RUS,1834,8648,784,25,59300
RUS,1835,10173,668,37,60200
RUS,1836,9833,1020,37,60600
RUS,1837,9893,574,37,61000
RUS,1838,9987,570,37,61500
RUS,1839,10964,567,49,61900
RUS,1840,13162,623,61,62400
RUS,1841,12924,680,61,62900
RUS,1842,13613,736,67,63500
RUS,1843,13024,793,59,64000
RUS,1844,13134,754,71,64600
RUS,1845,13718,706,83,65200
RUS,1846,13957,677,99,65800
RUS,1847,14086,803,94,66500
RUS,1848,18003,526,107,67100
RUS,1849,17790,699,107,67800
RUS,1850,18647,871,108,68500
RUS,1851,16522,560,109,69000
RUS,1852,15692,756,119,69500
RUS,1853,19928,761,142,70100
RUS,1854,31358,1100,141,70600
RUS,1855,39809,1550,156,71100
RUS,1856,37900,2000,180,71600
RUS,1857,17065,1019,213,72100
RUS,1858,15567,870,229,72800
RUS,1859,18984,850,250,73900
RUS,1860,18716,862,300,74100
RUS,1861,19949,864,400,73600
RUS,1862,18259,682,300,73800
RUS,1863,26385,812,400,74300
RUS,1864,25359,1135,400,74700
RUS,1865,20196,727,400,75100
RUS,1866,19252,697,1050,76500
RUS,1867,18558,628,1203,79900
RUS,1868,20589,673,977,81900
RUS,1869,22055,706,1403,83400
RUS,1870,19893,738,1545,84500
RUS,1871,22409,765,2038,85400
RUS,1872,25124,826,2162,86600
RUS,1873,26407,826,2033,87900
RUS,1874,26287,830,2337,89900
RUS,1875,26943,835,2741,90200
RUS,1876,34424,859,3298,91400
RUS,1877,77022,840,3281,92200
RUS,1878,59952,1213,4321,93000
RUS,1879,32091,843,4386,95300
RUS,1880,30408,909,5222,97700
RUS,1881,30187,908,5291,100000
RUS,1882,27617,908,5530,102400
RUS,1883,22196,803,6183,104700
RUS,1884,22500,803,5691,106700
RUS,1885,25140,803,5870,108800
RUS,1886,24932,820,6115,110900
RUS,1887,23279,837,5631,113100
RUS,1888,21482,900,6123,115300
RUS,1889,27233,843,7232,116600
RUS,1890,30191,844,6622,117800
RUS,1891,34531,871,6678,119000
RUS,1892,30053,896,7227,120200
RUS,1893,32131,890,8196,121500
RUS,1894,35039,921,9807,122700
RUS,1895,36019,928,19693,123900
RUS,1896,36679,928,20385,125100
RUS,1897,39486,928,23095,126400
RUS,1898,38697,928,25991,128400
RUS,1899,43240,938,29782,130300
RUS,1900,43104,1142,33930,132900
RUS,1901,44270,1142,35093,134800
RUS,1902,46085,1160,34262,136600
RUS,1903,48301,1160,34714,139100
RUS,1904,50305,1160,37584,141600
RUS,1905,170006,2365,33355,143900
RUS,1906,90733,1236,37868,146400
RUS,1907,68797,1234,43050,149100
RUS,1908,58887,1381,44039,152500
RUS,1909,60029,1434,46030,157100
RUS,1910,62099,1380,45029,160700
RUS,1911,64291,1427,47486,163900
RUS,1912,73512,1434,50459,167900
RUS,1913,85391,1286,48974,170900
RUS,1914,857000,1321,48412,175100
RUS,1915,4524000,5500,44769,178900
RUS,1916,4343000,10900,48692,181500
RUS,1917,4040000,9050,43283,184600
RUS,1918,258741,-9,18041,143450
RUS,1919,1417699,1550,14673,142265
RUS,1920,1183426,3050,13063,139675
RUS,1921,1337524,5500,13925,136876
RUS,1922,1646534,3600,17330,136508
RUS,1923,885597,2100,19347,136102
RUS,1924,835358,562,23377,137674
RUS,1925,1447885,562,24586,140619
RUS,1926,1724660,562,34921,143760
RUS,1927,2044459,562,43418,147135
RUS,1928,2372196,562,47018,150004
RUS,1929,2798721,562,51515,152774
RUS,1930,3519631,562,65088,154919
RUS,1931,3509380,562,78568,156701
RUS,1932,2228018,562,83223,158094
RUS,1933,2363450,885,96142,158168
RUS,1934,3479651,940,117627,159156
RUS,1935,5517537,1300,134681,160049
RUS,1936,2933657,1300,154026,161272
RUS,1937,3446172,1433,159512,163388
RUS,1938,5429984,1566,169211,166859
RUS,1939,5984123,1789,181115,170315
RUS,1940,6145214,4200,201846,194077
RUS,1941,6884227,4207,147154,196659
RUS,1942,7324156,4932,139598,193800
RUS,1943,7978497,5112,132560,188100
RUS,1944,8094563,6100,125749,182500
RUS,1945,8589076,12500,151257,177300
RUS,1946,8764724,2500,179782,174000
RUS,1947,11583011,2700,206587,173600
RUS,1948,13157894,2900,232947,178000
RUS,1949,13964622,3600,264543,175000
RUS,1950,15510433,4300,273968,180075
RUS,1951,20126000,5000,297152,183190
RUS,1952,21900448,5800,317908,186377
RUS,1953,25527632,5800,337873,189490
RUS,1954,28064976,5800,372065,192709
RUS,1955,29542096,5800,423077,196159
RUS,1956,26749408,5100,467891,199658
RUS,1957,27624304,4500,518622,203169
RUS,1958,30241936,3900,559868,206775
RUS,1959,34498608,3600,596500,210498
RUS,1960,36960032,3600,629705,214329
RUS,1961,43662960,3000,660194,218145
RUS,1962,49976192,3000,702972,221730
RUS,1963,47000000,3110,762749,225063
RUS,1964,47000000,3110,816976,228149
RUS,1965,46000000,2780,872487,230936
RUS,1966,48000000,3800,926754,233533
RUS,1967,52000000,3900,975330,235994
RUS,1968,62622000,4100,1117111,238316
RUS,1969,68053000,4200,1170302,240554
RUS,1970,77200000,4300,1201525,242767
RUS,1971,82700000,3900,1275368,245110
RUS,1972,88900000,4000,1343439,247501
RUS,1973,96410000,4000,1411644,249802
RUS,1974,109000000,4100,1484943,252131
RUS,1975,128000000,4100,1563507,254469
RUS,1976,138000000,4200,1630081,256760
RUS,1977,149000000,3900,1689825,259029
RUS,1978,163000000,3900,1766924,261253
RUS,1979,180000000,3900,1801221,263404
RUS,1980,201000000,3900,1889798,265484
RUS,1981,221000000,3900,1875977,267622
RUS,1982,237000000,3900,1934992,269901
RUS,1983,250000000,3900,1980186,272368
RUS,1984,264000000,3900,2013912,274874
RUS,1985,275000000,3900,2162292,277334
RUS,1986,287600000,3900,2175553,280016
RUS,1987,303000000,3900,2316438,282830
RUS,1988,317900000,3900,2371553,285419
RUS,1989,119440000,3700,2336162,287630
RUS,1990,128790000,3400,2228623,281344
RUS,1991,133700000,3000,2153318,148245
RUS,1992,47220000,1900,1328991,148310
RUS,1993,29120000,1500,1249676,148146
RUS,1994,96693000,1400,1114603,147968
RUS,1995,82000000,1400,1079611,147774
RUS,1996,73990000,1300,1081235,147739
RUS,1997,64000000,1300,1041076,147105
RUS,1998,57107000,1000,1011804,147434
RUS,1999,56800000,900,1034481,147196
RUS,2000,52000000,1004,1056740,146934
RUS,2001,63684000,977,1072009,145976
RUS,2002,50800000,988,1083957,145521
RUS,2003,65200000,961,1119895,144880
RUS,2004,61500000,999,1131021,144331
RUS,2005,18768000,1037,1155463,143933
RUS,2006,24577000,1027,1196170,143715
RUS,2007,32215000,1027,1210969,143652
RUS,2008,40484000,1027,1240975,143677
RUS,2009,38293000,1027,1171911,143690
RUS,2010,41944000,1027,1282491,143618
RUS,2011,51594000,1046,1323312,143438
RUS,2012,58765000,956,1356742,143170
CHN,1860,-9,1000,0,379382
CHN,1861,-9,1000,0,374670
CHN,1862,-9,1000,0,370015
CHN,1863,-9,1000,0,365419
CHN,1864,-9,1000,0,360880
CHN,1865,-9,1000,0,356397
CHN,1866,-9,1000,0,351970
CHN,1867,-9,1000,0,347597
CHN,1868,-9,1000,0,342765
CHN,1869,-9,1000,0,344724
CHN,1870,-9,1000,0,346694
CHN,1871,-9,1000,0,348677
CHN,1872,-9,1000,0,350670
CHN,1873,-9,1000,0,352674
CHN,1874,-9,1000,0,354690
CHN,1875,-9,1000,0,356718
CHN,1876,-9,1000,0,358757
CHN,1877,-9,1000,0,360808
CHN,1878,-9,1000,0,362870
CHN,1879,-9,1000,0,364944
CHN,1880,-9,1000,0,367030
CHN,1881,-9,1000,2,369128
CHN,1882,-9,1000,38,371239
CHN,1883,-9,1000,75,373361
CHN,1884,-9,1000,126,375495
CHN,1885,-9,1000,187,377636
CHN,1886,-9,1000,187,382238
CHN,1887,-9,1000,225,386892
CHN,1888,-9,1000,241,391601
CHN,1889,-9,1000,248,396369
CHN,1890,-9,1000,249,401194
CHN,1891,-9,1000,250,406077
CHN,1892,-9,1000,251,411021
CHN,1893,-9,1000,253,416025
CHN,1894,-9,1000,255,421000
CHN,1895,-9,1000,257,421763
CHN,1896,2994,1000,489,422523
CHN,1897,2660,1000,539,423285
CHN,1898,11968,1000,735,424047
CHN,1899,11967,1000,798,424811
CHN,1900,12241,1000,233,425577
CHN,1901,5155,1000,450,426447
CHN,1902,8769,1000,898,439947
CHN,1903,8765,1000,1036,441220
CHN,1904,8761,1000,1103,442502
CHN,1905,10105,1000,1213,443787
CHN,1906,11022,1000,9033,445076
CHN,1907,-9,1000,9039,446368
CHN,1908,-9,1000,9045,447665
CHN,1909,-9,1000,9051,448965
CHN,1910,-9,1000,9057,450269
CHN,1911,11880,1003,9063,451576
CHN,1912,-9,450,9076,452888
CHN,1913,18408,450,12888,454203
CHN,1914,67785,460,14191,455522
CHN,1915,-9,500,13516,456845
CHN,1916,89499,850,16001,458172
CHN,1917,-9,900,17005,459503
CHN,1918,193472,1300,18461,460837
CHN,1919,214511,1380,20189,462176
CHN,1920,-9,1442,21364,463518
CHN,1921,-9,1504,20564,464864
CHN,1922,-9,1566,21204,466214
CHN,1923,-9,1628,24629,467568
CHN,1924,-9,1700,25871,468926
CHN,1925,177669,1700,24357,470288
CHN,1926,-9,1700,23167,471654
CHN,1927,64307,1700,24306,470852
CHN,1928,105698,1700,25246,474787
CHN,1929,111605,1700,25620,478830
CHN,1930,101852,1700,26302,482917
CHN,1931,73381,1700,27542,487039
CHN,1932,75541,1700,26700,491197
CHN,1933,108653,1700,28759,495390
CHN,1934,137458,1700,33136,499618
CHN,1935,146954,1700,36618,503883
CHN,1936,148278,1700,40515,508185
CHN,1937,407941,2000,34815,512523
CHN,1938,103151,900,29424,516898
CHN,1939,173755,1488,35578,521310
CHN,1940,217589,2036,45580,525760
CHN,1941,244000,2584,56669,530248
CHN,1942,61724,3132,60114,534774
CHN,1943,331806,3680,51545,539339
CHN,1944,195582,4228,51968,543943
CHN,1945,228612,4775,27135,548586
CHN,1946,789300,4158,16888,553269
CHN,1947,257474,4015,18187,557992
CHN,1948,214176,3690,13078,562755
CHN,1949,2030000,2570,33138,567559
CHN,1950,2558000,4000,29555,571889
CHN,1951,3094000,3000,38184,577290
CHN,1952,2709000,3026,47919,582218
CHN,1953,2538205,3052,49996,590820
CHN,1954,2538205,3078,59826,600149
CHN,1955,2575000,3000,71024,609005
CHN,1956,5539170,3130,79681,617789
CHN,1957,6219080,3156,94784,626818
CHN,1958,5894070,3182,195916,636335
CHN,1959,6612470,3208,268826,646515
CHN,1960,6727610,3234,291769,657492
CHN,1961,7953200,2200,206584,669392
CHN,1962,9329700,2300,165194,682357
CHN,1963,10690350,2500,163828,696552
CHN,1964,12851090,2750,165087,712142
CHN,1965,13787580,2400,180888,729191
CHN,1966,15931440,2600,199598,747754
CHN,1967,16389240,2710,166258,767672
CHN,1968,17856960,2800,251184,788508
CHN,1969,20299920,2830,309825,809669
CHN,1970,23775520,2850,453534,830675
CHN,1971,21600000,2970,507422,851419
CHN,1972,22500000,3040,537957,871854
CHN,1973,24500000,3250,558491,891632
CHN,1974,26800000,4300,569099,910367
CHN,1975,28500000,4300,654516,927808
CHN,1976,31700000,4300,676074,943793
CHN,1977,32700000,4300,736859,958438
CHN,1978,35000000,4500,821876,972138
CHN,1979,30000000,4600,841890,985467
CHN,1980,28500000,4650,828495,998877
CHN,1981,30500000,4750,822768,1012409
CHN,1982,33000000,4350,889866,1026029
CHN,1983,34500000,4100,938367,1040000
CHN,1984,23850000,4100,1014707,1054667
CHN,1985,6350000,4100,1096194,1070175
CHN,1986,5830000,4030,1151162,1086773
CHN,1987,5640000,3530,1224456,1104193
CHN,1988,5860000,3780,1302601,1121980
CHN,1989,6670000,3900,1331953,1139209
CHN,1990,6060000,3500,1380815,1155305
CHN,1991,18790000,3200,1432697,1170038
CHN,1992,24300000,3160,1484432,1183568
CHN,1993,27400000,3030,1568944,1196167
CHN,1994,28945000,2930,1658864,1208278
CHN,1995,32929000,2930,1779017,1220224
CHN,1996,36176000,2650,1851891,1232083
CHN,1997,36551000,2600,1829999,1243738
CHN,1998,38191000,2600,1732871,1255698
CHN,1999,39889000,2400,1808845,1266838
CHN,2000,42000000,2810,1872095,1277558
CHN,2001,46049000,2310,1914161,1271850
CHN,2002,68963000,2270,2023332,1295322
CHN,2003,75500000,2250,2458728,1302810
CHN,2004,84303000,2253,2861534,1310414
CHN,2005,29873000,2255,3137042,1318177
CHN,2006,35223000,2255,3468714,1326146
CHN,2007,46174000,2255,3706324,1334344
CHN,2008,60187000,2105,3857902,1342733
CHN,2009,70381000,2185,4197495,1351248
CHN,2010,76361000,2285,4529730,1359821
CHN,2011,90221000,2285,5043897,1368440
CHN,2012,102643000,2285,5333707,1377065
PRK,1948,0,200,1204,9369
PRK,1949,-9,60,2830,9620
PRK,1950,-9,120,170,9488
PRK,1951,-9,100,230,9086
PRK,1952,-9,211,231,8821
PRK,1953,-9,260,547,8698
PRK,1954,-9,280,1735,8711
PRK,1955,-9,300,2806,8848
PRK,1956,-9,320,3387,9296
PRK,1957,-9,340,4281,9412
PRK,1958,2210054,360,5908,9780
PRK,1959,-9,380,7529,10162
PRK,1960,200000,400,9079,10525
PRK,1961,225000,390,10068,10851
PRK,1962,250000,380,11514,11142
PRK,1963,280000,352,12291,11418
PRK,1964,300000,362,13147,11716
PRK,1965,350000,378,16466,12061
PRK,1966,350000,383,17832,12457
PRK,1967,470000,383,19549,12889
PRK,1968,610000,410,22540,13345
PRK,1969,615000,410,24379,13808
PRK,1970,700000,438,26522,14263
PRK,1971,762646,450,40169,14706
PRK,1972,523333,460,33389,15140
PRK,1973,608292,470,36408,15556
PRK,1974,759512,470,37865,15945
PRK,1975,879268,470,39904,16301
PRK,1976,1003962,500,41130,16621
PRK,1977,1033658,520,42798,16907
PRK,1978,1143902,632,45780,17168
PRK,1979,1250244,692,46603,17418
PRK,1980,1416585,700,48300,17666
PRK,1981,1681008,768,48699,17916
PRK,1982,1775987,782,50118,18168
PRK,1983,1915982,784,53643,18423
PRK,1984,5200000,784,57923,18681
PRK,1985,4196000,784,62130,18942
PRK,1986,3870000,838,66698,19207
PRK,1987,4220000,838,72863,19479
PRK,1988,4620000,842,83019,19760
PRK,1989,4200000,1040,86864,20054
PRK,1990,5230000,1200,90506,20363
PRK,1991,5450000,1200,92688,20687
PRK,1992,5500000,1200,91923,21025
PRK,1993,5300000,1100,93707,21375
PRK,1994,5660000,1100,92811,21734
PRK,1995,5232000,1100,92915,22097
PRK,1996,5559000,1100,91933,22466
PRK,1997,2273000,1100,85666,22837
PRK,1998,2086000,1000,24905,23348
PRK,1999,2100000,1000,27413,23702
PRK,2000,2091000,1055,29306,24039
PRK,2001,2049000,1082,30417,23149
PRK,2002,-9,1082,29179,23248
PRK,2003,-9,1082,29907,23449
PRK,2004,-9,1094,30616,23639
PRK,2005,-9,1106,32027,23813
PRK,2006,-9,1106,32512,23970
PRK,2007,-9,1106,27405,24112
PRK,2008,-9,1106,30261,24244
PRK,2009,-9,1106,30051,24372
PRK,2010,-9,1106,28449,24501
PRK,2011,-9,1190,20767,24631
PRK,2012,-9,1190,20990,24763
IND,1947,218680,311,33752,344367
IND,1948,275196,321,34071,349430
IND,1949,503918,331,36994,353832
IND,1950,366073,341,22425,358293
IND,1951,383874,351,23340,363439
IND,1952,390843,361,24786,369591
IND,1953,403943,371,25122,376079
IND,1954,412961,381,26556,382923
IND,1955,401830,391,31419,390149
IND,1956,443282,400,33149,397776
IND,1957,554630,445,37195,405825
IND,1958,586373,490,38940,414317
IND,1959,564644,535,40882,423274
IND,1960,579971,535,45351,432703
IND,1961,638173,775,49002,442372
IND,1962,909968,800,53233,452212
IND,1963,1530052,1083,57526,462027
IND,1964,1689445,1215,57276,472132
IND,1965,1804170,1220,63354,482530
IND,1966,1943245,1400,66585,493209
IND,1967,1258579,1420,71607,504162
IND,1968,1347555,1480,95064,515414
IND,1969,1424750,1510,97862,526986
IND,1970,1507870,1550,148963,554911
IND,1971,1924810,1560,153174,551226
IND,1972,2133921,1590,158925,563680
IND,1973,2161844,1620,164034,576419
IND,1974,2473833,1620,170687,589442
IND,1975,2660197,1670,183353,602748
IND,1976,2878683,1440,191451,616333
IND,1977,3109509,1270,200416,630195
IND,1978,3535459,1300,205304,644329
IND,1979,4023901,1286,212871,658730
IND,1980,4560701,1104,224048,673388
IND,1981,5022113,1104,237148,688320
IND,1982,5278087,1120,253780,703572
IND,1983,5682888,1104,271839,719091
IND,1984,6907034,1120,276998,734872
IND,1985,6330000,1260,301977,750911
IND,1986,7970000,1260,324709,767199
IND,1987,9650000,1260,346548,783730
IND,1988,9590000,1360,367187,800496
IND,1989,8940000,1260,391844,817488
IND,1990,10100000,1260,420570,834697
IND,1991,8070000,1260,445553,851661
IND,1992,6700000,1260,471446,867818
IND,1993,7000000,1260,485483,883910
IND,1994,7638000,1260,508494,899953
IND,1995,9992000,1260,541381,915971
IND,1996,12079000,1260,570112,939540
IND,1997,12805000,1260,591421,955220
IND,1998,13594000,1300,605022,982223
IND,1999,13895000,1300,651232,998056
IND,2000,14765000,1303,712377,1013662
IND,2001,14167000,1263,757665,1034931
IND,2002,13749000,1298,783427,1076706
IND,2003,15508000,1325,819389,1093787
IND,2004,19821000,1325,863524,1110626
IND,2005,21726000,1325,902969,1127144
IND,2006,22428000,1325,958340,1143289
IND,2007,26513000,1316,1031624,1159095
IND,2008,31540000,1288,1097995,1174662
IND,2009,38278000,1281,1188056,1190138
IND,2010,30865000,1325,1232691,1205625
IND,2011,36115000,1325,1296639,1221156
IND,2012,33404000,1325,1385461,1236687
PAK,1947,0,275,6,70050
PAK,1948,107414,265,354,71560
PAK,1949,187161,256,537,73070
PAK,1950,199398,246,1704,74620
PAK,1951,244578,237,2145,76448
PAK,1952,282563,227,2215,78364
PAK,1953,246233,218,2132,80408
PAK,1954,212349,208,2028,82342
PAK,1955,235629,199,2012,84406
PAK,1956,165830,190,2635,86522
PAK,1957,149428,206,2562,88691
PAK,1958,161365,223,2841,90915
PAK,1959,183490,223,2645,93195
PAK,1960,204175,223,3493,98737
PAK,1961,205858,243,3670,101452
PAK,1962,196440,249,4608,104237
PAK,1963,215182,270,7146,107099
PAK,1964,252087,275,8066,110040
PAK,1965,428512,277,8685,113061
PAK,1966,538477,300,8786,116032
PAK,1967,466181,351,9368,119082
PAK,1968,483242,357,-9,122212
PAK,1969,539405,390,-9,125426
PAK,1970,601336,390,-9,128724
PAK,1971,727215,404,-9,62425
PAK,1972,456660,350,16013,64298
PAK,1973,469782,466,16730,66879
PAK,1974,599192,395,17458,68924
PAK,1975,748687,502,17770,71033
PAK,1976,803232,604,17981,73205
PAK,1977,878485,588,19094,75444
PAK,1978,987879,518,20642,77752
PAK,1979,1278687,544,21402,80130
PAK,1980,1543899,467,23639,82581
PAK,1981,1648765,560,25674,85118
PAK,1982,2201222,588,27911,87825
PAK,1983,1871223,479,27798,90617
PAK,1984,1956889,479,29107,93499
PAK,1985,2067000,483,31389,96472
PAK,1986,2270000,483,32549,99539
PAK,1987,2580000,481,33973,102705
PAK,1988,2380000,481,36763,105970
PAK,1989,2580000,520,38853,109140
PAK,1990,2910000,550,41634,112404
PAK,1991,3230000,565,44072,115766
PAK,1992,3600000,580,45950,119229
PAK,1993,3300000,580,47520,122795
PAK,1994,3585000,580,49925,126467
PAK,1995,3642000,580,48977,129871
PAK,1996,3652000,580,53316,134146
PAK,1997,3916000,610,54221,138150
PAK,1998,4078000,590,56015,148166
PAK,1999,3523000,590,58868,152331
PAK,2000,2522000,612,58775,156483
PAK,2001,2395000,620,64518,142350
PAK,2002,2687000,620,72472,149694
PAK,2003,3129000,620,82898,152420
PAK,2004,3338000,620,89139,155151
PAK,2005,4067000,619,91051,157971
PAK,2006,4156000,619,91979,160906
PAK,2007,4530000,619,97255,163928
PAK,2008,4422000,619,95152,167008
PAK,2009,3811000,617,93237,170094
PAK,2010,5599000,617,92562,173149
PAK,2011,5468000,617,94681,176166
PAK,2012,5814000,642,96717,179160
